block,source_dex,source_pool,source_fee_bps,destination_dex,destination_pool,destination_fee_bps,start_usdc,intermediate_weth,final_usdc,gross_profit_usdc,estimated_gas_usdc,estimated_net_profit_usdc,passes_threshold
26163868,UniswapV2,0xb4e16d0168e52d35cacd2c6185b44281ec28c9dc,30,SushiSwapV2,0x397ff1542f962076d0bfe58ea045ffa2d347aca0,30,50.000000,0.019876888445679104,49.711406,-0.288594,0.056887,-0.345481,false
26163868,SushiSwapV2,0x397ff1542f962076d0bfe58ea045ffa2d347aca0,30,UniswapV2,0xb4e16d0168e52d35cacd2c6185b44281ec28c9dc,30,50.000000,0.019858304515893009,49.653494,-0.346506,0.056887,-0.403393,false
26163868,UniswapV2,0xb4e16d0168e52d35cacd2c6185b44281ec28c9dc,30,SushiSwapV2,0x397ff1542f962076d0bfe58ea045ffa2d347aca0,30,130.120482,0.051727398310438479,129.294462,-0.826020,0.056887,-0.882907,false
26163868,SushiSwapV2,0x397ff1542f962076d0bfe58ea045ffa2d347aca0,30,UniswapV2,0xb4e16d0168e52d35cacd2c6185b44281ec28c9dc,30,130.120482,0.051649825612086596,129.143665,-0.976817,0.056887,-1.033704,false
26163868,UniswapV2,0xb4e16d0168e52d35cacd2c6185b44281ec28c9dc,30,SushiSwapV2,0x397ff1542f962076d0bfe58ea045ffa2d347aca0,30,210.240964,0.083577405995071511,208.785321,-1.455643,0.056887,-1.512530,false
26163868,SushiSwapV2,0x397ff1542f962076d0bfe58ea045ffa2d347aca0,30,UniswapV2,0xb4e16d0168e52d35cacd2c6185b44281ec28c9dc,30,210.240964,0.083404928131787647,208.541531,-1.699433,0.056887,-1.756320,false
26163868,UniswapV2,0xb4e16d0168e52d35cacd2c6185b44281ec28c9dc,30,SushiSwapV2,0x397ff1542f962076d0bfe58ea045ffa2d347aca0,30,290.361446,0.115426911511454752,288.184144,-2.177302,0.056887,-2.234189,false
26163868,SushiSwapV2,0x397ff1542f962076d0bfe58ea045ffa2d347aca0,30,UniswapV2,0xb4e16d0168e52d35cacd2c6185b44281ec28c9dc,30,290.361446,0.115123674617779346,287.847253,-2.514193,0.056887,-2.571080,false
26163868,UniswapV2,0xb4e16d0168e52d35cacd2c6185b44281ec28c9dc,30,SushiSwapV2,0x397ff1542f962076d0bfe58ea045ffa2d347aca0,30,370.481928,0.147275914871464385,367.491090,-2.990838,0.056887,-3.047725,false
26163868,SushiSwapV2,0x397ff1542f962076d0bfe58ea045ffa2d347aca0,30,UniswapV2,0xb4e16d0168e52d35cacd2c6185b44281ec28c9dc,30,370.481928,0.146806127469717856,367.060991,-3.420937,0.056887,-3.477824,false
26163868,UniswapV2,0xb4e16d0168e52d35cacd2c6185b44281ec28c9dc,30,SushiSwapV2,0x397ff1542f962076d0bfe58ea045ffa2d347aca0,30,450.602410,0.179124416086976215,446.706319,-3.896091,0.056887,-3.952978,false
26163868,SushiSwapV2,0x397ff1542f962076d0bfe58ea045ffa2d347aca0,30,UniswapV2,0xb4e16d0168e52d35cacd2c6185b44281ec28c9dc,30,450.602410,0.178452348944541508,446.182906,-4.419504,0.056887,-4.476391,false
26163868,UniswapV2,0xb4e16d0168e52d35cacd2c6185b44281ec28c9dc,30,SushiSwapV2,0x397ff1542f962076d0bfe58ea045ffa2d347aca0,30,530.722892,0.210972415169865674,525.829989,-4.892903,0.056887,-4.949790,false
26163868,SushiSwapV2,0x397ff1542f962076d0bfe58ea045ffa2d347aca0,30,UniswapV2,0xb4e16d0168e52d35cacd2c6185b44281ec28c9dc,30,530.722892,0.210062401156878590,525.213157,-5.509735,0.056887,-5.566622,false
26163868,UniswapV2,0xb4e16d0168e52d35cacd2c6185b44281ec28c9dc,30,SushiSwapV2,0x397ff1542f962076d0bfe58ea045ffa2d347aca0,30,610.843373,0.242819911734515878,604.862259,-5.981114,0.056887,-6.038001,false
26163868,SushiSwapV2,0x397ff1542f962076d0bfe58ea045ffa2d347aca0,30,UniswapV2,0xb4e16d0168e52d35cacd2c6185b44281ec28c9dc,30,610.843373,0.241636345685598001,604.151902,-6.691471,0.056887,-6.748358,false
26163868,UniswapV2,0xb4e16d0168e52d35cacd2c6185b44281ec28c9dc,30,SushiSwapV2,0x397ff1542f962076d0bfe58ea045ffa2d347aca0,30,690.963855,0.274666906587791659,683.803288,-7.160567,0.056887,-7.217454,false
26163868,SushiSwapV2,0x397ff1542f962076d0bfe58ea045ffa2d347aca0,30,UniswapV2,0xb4e16d0168e52d35cacd2c6185b44281ec28c9dc,30,690.963855,0.273174245150086721,682.999302,-7.964553,0.056887,-8.021440,false
26163868,UniswapV2,0xb4e16d0168e52d35cacd2c6185b44281ec28c9dc,30,SushiSwapV2,0x397ff1542f962076d0bfe58ea045ffa2d347aca0,30,771.084337,0.306513399344069117,762.653233,-8.431104,0.056887,-8.487991,false
26163868,SushiSwapV2,0x397ff1542f962076d0bfe58ea045ffa2d347aca0,30,UniswapV2,0xb4e16d0168e52d35cacd2c6185b44281ec28c9dc,30,771.084337,0.304676160846169691,761.755515,-9.328822,0.056887,-9.385709,false
26163868,UniswapV2,0xb4e16d0168e52d35cacd2c6185b44281ec28c9dc,30,SushiSwapV2,0x397ff1542f962076d0bfe58ea045ffa2d347aca0,30,851.204819,0.338359390015222186,841.412253,-9.792566,0.056887,-9.849453,false
26163868,SushiSwapV2,0x397ff1542f962076d0bfe58ea045ffa2d347aca0,30,UniswapV2,0xb4e16d0168e52d35cacd2c6185b44281ec28c9dc,30,851.204819,0.336142154323285065,840.420698,-10.784121,0.056887,-10.841008,false
26163868,UniswapV2,0xb4e16d0168e52d35cacd2c6185b44281ec28c9dc,30,SushiSwapV2,0x397ff1542f962076d0bfe58ea045ffa2d347aca0,30,931.325301,0.370204878613124425,920.080504,-11.244797,0.056887,-11.301684,false
26163868,SushiSwapV2,0x397ff1542f962076d0bfe58ea045ffa2d347aca0,30,UniswapV2,0xb4e16d0168e52d35cacd2c6185b44281ec28c9dc,30,931.325301,0.367572286990579056,918.995009,-12.330292,0.056887,-12.387179,false
26163868,UniswapV2,0xb4e16d0168e52d35cacd2c6185b44281ec28c9dc,30,SushiSwapV2,0x397ff1542f962076d0bfe58ea045ffa2d347aca0,30,1011.445783,0.402049865149649021,998.658142,-12.787641,0.056887,-12.844528,false
26163868,SushiSwapV2,0x397ff1542f962076d0bfe58ea045ffa2d347aca0,30,UniswapV2,0xb4e16d0168e52d35cacd2c6185b44281ec28c9dc,30,1011.445783,0.398966620117305420,997.478606,-13.967177,0.056887,-14.024064,false
26163868,UniswapV2,0xb4e16d0168e52d35cacd2c6185b44281ec28c9dc,30,SushiSwapV2,0x397ff1542f962076d0bfe58ea045ffa2d347aca0,30,1091.566265,0.433894349636668782,1077.145325,-14.420940,0.056887,-14.477827,false
26163868,SushiSwapV2,0x397ff1542f962076d0bfe58ea045ffa2d347aca0,30,UniswapV2,0xb4e16d0168e52d35cacd2c6185b44281ec28c9dc,30,1091.566265,0.430325214833223582,1075.871646,-15.694619,0.056887,-15.751506,false
26163868,UniswapV2,0xb4e16d0168e52d35cacd2c6185b44281ec28c9dc,30,SushiSwapV2,0x397ff1542f962076d0bfe58ea045ffa2d347aca0,30,1171.686747,0.465738332086056147,1155.542209,-16.144538,0.056887,-16.201425,false
26163868,SushiSwapV2,0x397ff1542f962076d0bfe58ea045ffa2d347aca0,30,UniswapV2,0xb4e16d0168e52d35cacd2c6185b44281ec28c9dc,30,1171.686747,0.461648132128995398,1154.174285,-17.512462,0.056887,-17.569349,false
26163868,UniswapV2,0xb4e16d0168e52d35cacd2c6185b44281ec28c9dc,30,SushiSwapV2,0x397ff1542f962076d0bfe58ea045ffa2d347aca0,30,1251.807229,0.497581812509683177,1233.848949,-17.958280,0.056887,-18.015167,false
26163868,SushiSwapV2,0x397ff1542f962076d0bfe58ea045ffa2d347aca0,30,UniswapV2,0xb4e16d0168e52d35cacd2c6185b44281ec28c9dc,30,1251.807229,0.492935432856580571,1232.386680,-19.420549,0.056887,-19.477436,false
26163868,UniswapV2,0xb4e16d0168e52d35cacd2c6185b44281ec28c9dc,30,SushiSwapV2,0x397ff1542f962076d0bfe58ea045ffa2d347aca0,30,1331.927711,0.529424790919421559,1312.065701,-19.862010,0.056887,-19.918897,false
26163868,SushiSwapV2,0x397ff1542f962076d0bfe58ea045ffa2d347aca0,30,UniswapV2,0xb4e16d0168e52d35cacd2c6185b44281ec28c9dc,30,1331.927711,0.524187177729630713,1310.508986,-21.418725,0.056887,-21.475612,false
26163868,UniswapV2,0xb4e16d0168e52d35cacd2c6185b44281ec28c9dc,30,SushiSwapV2,0x397ff1542f962076d0bfe58ea045ffa2d347aca0,30,1412.048193,0.561267267327142607,1390.192619,-21.855574,0.056887,-21.912461,false
26163868,SushiSwapV2,0x397ff1542f962076d0bfe58ea045ffa2d347aca0,30,UniswapV2,0xb4e16d0168e52d35cacd2c6185b44281ec28c9dc,30,1412.048193,0.555403427323882064,1388.541359,-23.506834,0.056887,-23.563721,false
26163868,UniswapV2,0xb4e16d0168e52d35cacd2c6185b44281ec28c9dc,30,SushiSwapV2,0x397ff1542f962076d0bfe58ea045ffa2d347aca0,30,1492.168675,0.593109241744717261,1468.229859,-23.938816,0.056887,-23.995703,false
26163868,SushiSwapV2,0x397ff1542f962076d0bfe58ea045ffa2d347aca0,30,UniswapV2,0xb4e16d0168e52d35cacd2c6185b44281ec28c9dc,30,1492.168675,0.586584242077546876,1466.483954,-25.684721,0.056887,-25.741608,false
26163868,UniswapV2,0xb4e16d0168e52d35cacd2c6185b44281ec28c9dc,30,SushiSwapV2,0x397ff1542f962076d0bfe58ea045ffa2d347aca0,30,1572.289157,0.624950714184016085,1546.177575,-26.111582,0.056887,-26.168469,false
26163868,SushiSwapV2,0x397ff1542f962076d0bfe58ea045ffa2d347aca0,30,UniswapV2,0xb4e16d0168e52d35cacd2c6185b44281ec28c9dc,30,1572.289157,0.617729682291703467,1544.336927,-27.952230,0.056887,-28.009117,false
26163868,UniswapV2,0xb4e16d0168e52d35cacd2c6185b44281ec28c9dc,30,SushiSwapV2,0x397ff1542f962076d0bfe58ea045ffa2d347aca0,30,1652.409639,0.656791684656909270,1624.035920,-28.373719,0.056887,-28.430606,false
26163868,SushiSwapV2,0x397ff1542f962076d0bfe58ea045ffa2d347aca0,30,UniswapV2,0xb4e16d0168e52d35cacd2c6185b44281ec28c9dc,30,1652.409639,0.648839808130684941,1622.100431,-30.309208,0.056887,-30.366095,false
26163868,UniswapV2,0xb4e16d0168e52d35cacd2c6185b44281ec28c9dc,30,SushiSwapV2,0x397ff1542f962076d0bfe58ea045ffa2d347aca0,30,1732.530120,0.688632152777862413,1701.805048,-30.725072,0.056887,-30.781959,false
26163868,SushiSwapV2,0x397ff1542f962076d0bfe58ea045ffa2d347aca0,30,UniswapV2,0xb4e16d0168e52d35cacd2c6185b44281ec28c9dc,30,1732.530120,0.679914679234834576,1699.774620,-32.755500,0.056887,-32.812387,false
26163868,UniswapV2,0xb4e16d0168e52d35cacd2c6185b44281ec28c9dc,30,SushiSwapV2,0x397ff1542f962076d0bfe58ea045ffa2d347aca0,30,1812.650602,0.720472119353559658,1779.485113,-33.165489,0.056887,-33.222376,false
26163868,SushiSwapV2,0x397ff1542f962076d0bfe58ea045ffa2d347aca0,30,UniswapV2,0xb4e16d0168e52d35cacd2c6185b44281ec28c9dc,30,1812.650602,0.710954356271858884,1777.359650,-35.290952,0.056887,-35.347839,false
26163868,UniswapV2,0xb4e16d0168e52d35cacd2c6185b44281ec28c9dc,30,SushiSwapV2,0x397ff1542f962076d0bfe58ea045ffa2d347aca0,30,1892.771084,0.752311583998459590,1857.076268,-35.694816,0.056887,-35.751703,false
26163868,SushiSwapV2,0x397ff1542f962076d0bfe58ea045ffa2d347aca0,30,UniswapV2,0xb4e16d0168e52d35cacd2c6185b44281ec28c9dc,30,1892.771084,0.741958898610102832,1854.855672,-37.915412,0.056887,-37.972299,false
26163868,UniswapV2,0xb4e16d0168e52d35cacd2c6185b44281ec28c9dc,30,SushiSwapV2,0x397ff1542f962076d0bfe58ea045ffa2d347aca0,30,1972.891566,0.784150546724430903,1934.578665,-38.312901,0.056887,-38.369788,false
26163868,SushiSwapV2,0x397ff1542f962076d0bfe58ea045ffa2d347aca0,30,UniswapV2,0xb4e16d0168e52d35cacd2c6185b44281ec28c9dc,30,1972.891566,0.772928365870779577,1932.262841,-40.628725,0.056887,-40.685612,false
26163868,UniswapV2,0xb4e16d0168e52d35cacd2c6185b44281ec28c9dc,30,SushiSwapV2,0x397ff1542f962076d0bfe58ea045ffa2d347aca0,30,2053.012048,0.815989007543341916,2011.992456,-41.019592,0.056887,-41.076479,false
26163868,SushiSwapV2,0x397ff1542f962076d0bfe58ea045ffa2d347aca0,30,UniswapV2,0xb4e16d0168e52d35cacd2c6185b44281ec28c9dc,30,2053.012048,0.803862817540280967,2009.581308,-43.430740,0.056887,-43.487627,false
26163868,UniswapV2,0xb4e16d0168e52d35cacd2c6185b44281ec28c9dc,30,SushiSwapV2,0x397ff1542f962076d0bfe58ea045ffa2d347aca0,30,2133.132530,0.847826966467060574,2089.317793,-43.814737,0.056887,-43.871624,false
26163868,SushiSwapV2,0x397ff1542f962076d0bfe58ea045ffa2d347aca0,30,UniswapV2,0xb4e16d0168e52d35cacd2c6185b44281ec28c9dc,30,2133.132530,0.834762312970558417,2086.811227,-46.321303,0.056887,-46.378190,false
26163868,UniswapV2,0xb4e16d0168e52d35cacd2c6185b44281ec28c9dc,30,SushiSwapV2,0x397ff1542f962076d0bfe58ea045ffa2d347aca0,30,2213.253012,0.879664423507454448,2166.554827,-46.698185,0.056887,-46.755072,false
26163868,SushiSwapV2,0x397ff1542f962076d0bfe58ea045ffa2d347aca0,30,UniswapV2,0xb4e16d0168e52d35cacd2c6185b44281ec28c9dc,30,2213.253012,0.865626911379502492,2163.952748,-49.300264,0.056887,-49.357151,false
26163868,UniswapV2,0xb4e16d0168e52d35cacd2c6185b44281ec28c9dc,30,SushiSwapV2,0x397ff1542f962076d0bfe58ea045ffa2d347aca0,30,2293.373494,0.911501378676390736,2243.703711,-49.669783,0.056887,-49.726670,false
26163868,SushiSwapV2,0x397ff1542f962076d0bfe58ea045ffa2d347aca0,30,UniswapV2,0xb4e16d0168e52d35cacd2c6185b44281ec28c9dc,30,2293.373494,0.896456671851321204,2241.006025,-52.367469,0.056887,-52.424356,false
26163868,UniswapV2,0xb4e16d0168e52d35cacd2c6185b44281ec28c9dc,30,SushiSwapV2,0x397ff1542f962076d0bfe58ea045ffa2d347aca0,30,2373.493976,0.943337831985736259,2320.764594,-52.729382,0.056887,-52.786269,false
26163868,SushiSwapV2,0x397ff1542f962076d0bfe58ea045ffa2d347aca0,30,UniswapV2,0xb4e16d0168e52d35cacd2c6185b44281ec28c9dc,30,2373.493976,0.927251653336917030,2317.971207,-55.522769,0.056887,-55.579656,false
26163868,UniswapV2,0xb4e16d0168e52d35cacd2c6185b44281ec28c9dc,30,SushiSwapV2,0x397ff1542f962076d0bfe58ea045ffa2d347aca0,30,2453.614458,0.975173783447357468,2397.737627,-55.876831,0.056887,-55.933718,false
26163868,SushiSwapV2,0x397ff1542f962076d0bfe58ea045ffa2d347aca0,30,UniswapV2,0xb4e16d0168e52d35cacd2c6185b44281ec28c9dc,30,2453.614458,0.958011914654262656,2394.848447,-58.766011,0.056887,-58.822898,false
26163868,UniswapV2,0xb4e16d0168e52d35cacd2c6185b44281ec28c9dc,30,SushiSwapV2,0x397ff1542f962076d0bfe58ea045ffa2d347aca0,30,2533.734940,1.007009233073120436,2474.622960,-59.111980,0.056887,-59.168867,false
26163868,SushiSwapV2,0x397ff1542f962076d0bfe58ea045ffa2d347aca0,30,UniswapV2,0xb4e16d0168e52d35cacd2c6185b44281ec28c9dc,30,2533.734940,0.988737514488775445,2471.637895,-62.097045,0.056887,-62.153932,false
26163868,UniswapV2,0xb4e16d0168e52d35cacd2c6185b44281ec28c9dc,30,SushiSwapV2,0x397ff1542f962076d0bfe58ea045ffa2d347aca0,30,2613.855422,1.038844180874890864,2551.420744,-62.434678,0.056887,-62.491565,false
26163868,SushiSwapV2,0x397ff1542f962076d0bfe58ea045ffa2d347aca0,30,UniswapV2,0xb4e16d0168e52d35cacd2c6185b44281ec28c9dc,30,2613.855422,1.019428511393690647,2548.339701,-65.515721,0.056887,-65.572608,false
26163868,UniswapV2,0xb4e16d0168e52d35cacd2c6185b44281ec28c9dc,30,SushiSwapV2,0x397ff1542f962076d0bfe58ea045ffa2d347aca0,30,2693.975904,1.070678626864534079,2628.131127,-65.844777,0.056887,-65.901664,false
26163868,SushiSwapV2,0x397ff1542f962076d0bfe58ea045ffa2d347aca0,30,UniswapV2,0xb4e16d0168e52d35cacd2c6185b44281ec28c9dc,30,2693.975904,1.050084963790433347,2624.954015,-69.021889,0.056887,-69.078776,false
26163868,UniswapV2,0xb4e16d0168e52d35cacd2c6185b44281ec28c9dc,30,SushiSwapV2,0x397ff1542f962076d0bfe58ea045ffa2d347aca0,30,2774.096386,1.102512571053915032,2704.754258,-69.342128,0.056887,-69.399015,false
26163868,SushiSwapV2,0x397ff1542f962076d0bfe58ea045ffa2d347aca0,30,UniswapV2,0xb4e16d0168e52d35cacd2c6185b44281ec28c9dc,30,2774.096386,1.080706929968989151,2701.480986,-72.615400,0.056887,-72.672287,false
26163868,UniswapV2,0xb4e16d0168e52d35cacd2c6185b44281ec28c9dc,30,SushiSwapV2,0x397ff1542f962076d0bfe58ea045ffa2d347aca0,30,2854.216867,1.134346013057581777,2781.290286,-72.926581,0.056887,-72.983468,false
26163868,SushiSwapV2,0x397ff1542f962076d0bfe58ea045ffa2d347aca0,30,UniswapV2,0xb4e16d0168e52d35cacd2c6185b44281ec28c9dc,30,2854.216867,1.111294467706718972,2777.920764,-76.296103,0.056887,-76.352990,false
26163868,UniswapV2,0xb4e16d0168e52d35cacd2c6185b44281ec28c9dc,30,SushiSwapV2,0x397ff1542f962076d0bfe58ea045ffa2d347aca0,30,2934.337349,1.166178953682037832,2857.739361,-76.597988,0.056887,-76.654875,false
26163868,SushiSwapV2,0x397ff1542f962076d0bfe58ea045ffa2d347aca0,30,UniswapV2,0xb4e16d0168e52d35cacd2c6185b44281ec28c9dc,30,2934.337349,1.141847635795374485,2854.273498,-80.063851,0.056887,-80.120738,false
26163868,UniswapV2,0xb4e16d0168e52d35cacd2c6185b44281ec28c9dc,30,SushiSwapV2,0x397ff1542f962076d0bfe58ea045ffa2d347aca0,30,3014.457831,1.198011392541824238,2934.101630,-80.356201,0.056887,-80.413088,false
26163868,SushiSwapV2,0x397ff1542f962076d0bfe58ea045ffa2d347aca0,30,UniswapV2,0xb4e16d0168e52d35cacd2c6185b44281ec28c9dc,30,3014.457831,1.172366491750850542,2930.539337,-83.918494,0.056887,-83.975381,false
26163868,UniswapV2,0xb4e16d0168e52d35cacd2c6185b44281ec28c9dc,30,SushiSwapV2,0x397ff1542f962076d0bfe58ea045ffa2d347aca0,30,3094.578313,1.229843329648804452,3010.377240,-84.201073,0.056887,-84.257960,false
26163868,SushiSwapV2,0x397ff1542f962076d0bfe58ea045ffa2d347aca0,30,UniswapV2,0xb4e16d0168e52d35cacd2c6185b44281ec28c9dc,30,3094.578313,1.202851093341056832,3006.718429,-87.859884,0.056887,-87.916771,false
26163868,UniswapV2,0xb4e16d0168e52d35cacd2c6185b44281ec28c9dc,30,SushiSwapV2,0x397ff1542f962076d0bfe58ea045ffa2d347aca0,30,3174.698795,1.261674765014841555,3086.566340,-88.132455,0.056887,-88.189342,false
26163868,SushiSwapV2,0x397ff1542f962076d0bfe58ea045ffa2d347aca0,30,UniswapV2,0xb4e16d0168e52d35cacd2c6185b44281ec28c9dc,30,3174.698795,1.233301498204298370,3082.810921,-91.887874,0.056887,-91.944761,false
26163868,UniswapV2,0xb4e16d0168e52d35cacd2c6185b44281ec28c9dc,30,SushiSwapV2,0x397ff1542f962076d0bfe58ea045ffa2d347aca0,30,3254.819277,1.293505698651798258,3162.669075,-92.150202,0.056887,-92.207089,false
26163868,SushiSwapV2,0x397ff1542f962076d0bfe58ea045ffa2d347aca0,30,UniswapV2,0xb4e16d0168e52d35cacd2c6185b44281ec28c9dc,30,3254.819277,1.263717763849638760,3158.816962,-96.002315,0.056887,-96.059202,false
26163868,UniswapV2,0xb4e16d0168e52d35cacd2c6185b44281ec28c9dc,30,SushiSwapV2,0x397ff1542f962076d0bfe58ea045ffa2d347aca0,30,3334.939759,1.325336130571536893,3238.685594,-96.254165,0.056887,-96.311052,false
26163868,SushiSwapV2,0x397ff1542f962076d0bfe58ea045ffa2d347aca0,30,UniswapV2,0xb4e16d0168e52d35cacd2c6185b44281ec28c9dc,30,3334.939759,1.294099947657262235,3234.736698,-100.203061,0.056887,-100.259948,false
26163868,UniswapV2,0xb4e16d0168e52d35cacd2c6185b44281ec28c9dc,30,SushiSwapV2,0x397ff1542f962076d0bfe58ea045ffa2d347aca0,30,3415.060241,1.357166060785919421,3314.616042,-100.444199,0.056887,-100.501086,false
26163868,SushiSwapV2,0x397ff1542f962076d0bfe58ea045ffa2d347aca0,30,UniswapV2,0xb4e16d0168e52d35cacd2c6185b44281ec28c9dc,30,3415.060241,1.324448106878834485,3310.570277,-104.489964,0.056887,-104.546851,false
26163868,UniswapV2,0xb4e16d0168e52d35cacd2c6185b44281ec28c9dc,30,SushiSwapV2,0x397ff1542f962076d0bfe58ea045ffa2d347aca0,30,3495.180723,1.388995489306807429,3390.460566,-104.720157,0.056887,-104.777044,false
26163868,SushiSwapV2,0x397ff1542f962076d0bfe58ea045ffa2d347aca0,30,UniswapV2,0xb4e16d0168e52d35cacd2c6185b44281ec28c9dc,30,3495.180723,1.354762298637862270,3386.317844,-108.862879,0.056887,-108.919766,false
26163868,UniswapV2,0xb4e16d0168e52d35cacd2c6185b44281ec28c9dc,30,SushiSwapV2,0x397ff1542f962076d0bfe58ea045ffa2d347aca0,30,3575.301205,1.420824416146062130,3466.219311,-109.081894,0.056887,-109.138781,false
26163868,SushiSwapV2,0x397ff1542f962076d0bfe58ea045ffa2d347aca0,30,UniswapV2,0xb4e16d0168e52d35cacd2c6185b44281ec28c9dc,30,3575.301205,1.385042579930051825,3461.979547,-113.321658,0.056887,-113.378545,false
26163868,UniswapV2,0xb4e16d0168e52d35cacd2c6185b44281ec28c9dc,30,SushiSwapV2,0x397ff1542f962076d0bfe58ea045ffa2d347aca0,30,3655.421687,1.452652841315544361,3541.892422,-113.529265,0.056887,-113.586152,false
26163868,SushiSwapV2,0x397ff1542f962076d0bfe58ea045ffa2d347aca0,30,UniswapV2,0xb4e16d0168e52d35cacd2c6185b44281ec28c9dc,30,3655.421687,1.415289007623666069,3537.555531,-117.866156,0.056887,-117.923043,false
26163868,UniswapV2,0xb4e16d0168e52d35cacd2c6185b44281ec28c9dc,30,SushiSwapV2,0x397ff1542f962076d0bfe58ea045ffa2d347aca0,30,3735.542169,1.484480764827114588,3617.480046,-118.062123,0.056887,-118.119010,false
26163868,SushiSwapV2,0x397ff1542f962076d0bfe58ea045ffa2d347aca0,30,UniswapV2,0xb4e16d0168e52d35cacd2c6185b44281ec28c9dc,30,3735.542169,1.445501638459880611,3613.045942,-122.496227,0.056887,-122.553114,false
26163868,UniswapV2,0xb4e16d0168e52d35cacd2c6185b44281ec28c9dc,30,SushiSwapV2,0x397ff1542f962076d0bfe58ea045ffa2d347aca0,30,3815.662651,1.516308186692632901,3692.982326,-122.680325,0.056887,-122.737212,false
26163868,SushiSwapV2,0x397ff1542f962076d0bfe58ea045ffa2d347aca0,30,UniswapV2,0xb4e16d0168e52d35cacd2c6185b44281ec28c9dc,30,3815.662651,1.475680529053138562,3688.450924,-127.211727,0.056887,-127.268614,false
26163868,UniswapV2,0xb4e16d0168e52d35cacd2c6185b44281ec28c9dc,30,SushiSwapV2,0x397ff1542f962076d0bfe58ea045ffa2d347aca0,30,3895.783133,1.548135106923959018,3768.399407,-127.383726,0.056887,-127.440613,false
26163868,SushiSwapV2,0x397ff1542f962076d0bfe58ea045ffa2d347aca0,30,UniswapV2,0xb4e16d0168e52d35cacd2c6185b44281ec28c9dc,30,3895.783133,1.505825735891504166,3763.770624,-132.012509,0.056887,-132.069396,false
26163868,UniswapV2,0xb4e16d0168e52d35cacd2c6185b44281ec28c9dc,30,SushiSwapV2,0x397ff1542f962076d0bfe58ea045ffa2d347aca0,30,3975.903614,1.579961525135723421,3843.731432,-132.172182,0.056887,-132.229069,false
26163868,SushiSwapV2,0x397ff1542f962076d0bfe58ea045ffa2d347aca0,30,UniswapV2,0xb4e16d0168e52d35cacd2c6185b44281ec28c9dc,30,3975.903614,1.535937314961396127,3839.005184,-136.898430,0.056887,-136.955317,false
26163868,UniswapV2,0xb4e16d0168e52d35cacd2c6185b44281ec28c9dc,30,SushiSwapV2,0x397ff1542f962076d0bfe58ea045ffa2d347aca0,30,4056.024096,1.611787442134249062,3918.978547,-137.045549,0.056887,-137.102436,false
26163868,SushiSwapV2,0x397ff1542f962076d0bfe58ea045ffa2d347aca0,30,UniswapV2,0xb4e16d0168e52d35cacd2c6185b44281ec28c9dc,30,4056.024096,1.566015323250833990,3914.154751,-141.869345,0.056887,-141.926232,false
26163868,UniswapV2,0xb4e16d0168e52d35cacd2c6185b44281ec28c9dc,30,SushiSwapV2,0x397ff1542f962076d0bfe58ea045ffa2d347aca0,30,4136.144578,1.643612857534159415,3994.140895,-142.003683,0.056887,-142.060570,false
26163868,SushiSwapV2,0x397ff1542f962076d0bfe58ea045ffa2d347aca0,30,UniswapV2,0xb4e16d0168e52d35cacd2c6185b44281ec28c9dc,30,4136.144578,1.596059816494816871,3989.219468,-146.925110,0.056887,-146.981997,false
26163868,UniswapV2,0xb4e16d0168e52d35cacd2c6185b44281ec28c9dc,30,SushiSwapV2,0x397ff1542f962076d0bfe58ea045ffa2d347aca0,30,4216.265060,1.675437771347312701,4069.218619,-147.046441,0.056887,-147.103328,false
26163868,SushiSwapV2,0x397ff1542f962076d0bfe58ea045ffa2d347aca0,30,UniswapV2,0xb4e16d0168e52d35cacd2c6185b44281ec28c9dc,30,4216.265060,1.626070850679406209,4064.199478,-152.065582,0.056887,-152.122469,false
26163868,UniswapV2,0xb4e16d0168e52d35cacd2c6185b44281ec28c9dc,30,SushiSwapV2,0x397ff1542f962076d0bfe58ea045ffa2d347aca0,30,4296.385542,1.707262183585566769,4144.211860,-152.173682,0.056887,-152.230569,false
26163868,SushiSwapV2,0x397ff1542f962076d0bfe58ea045ffa2d347aca0,30,UniswapV2,0xb4e16d0168e52d35cacd2c6185b44281ec28c9dc,30,4296.385542,1.656048481666035050,4139.094925,-157.290617,0.056887,-157.347504,false
26163868,UniswapV2,0xb4e16d0168e52d35cacd2c6185b44281ec28c9dc,30,SushiSwapV2,0x397ff1542f962076d0bfe58ea045ffa2d347aca0,30,4376.506024,1.739086094260779092,4219.120763,-157.385261,0.056887,-157.442148,false
26163868,SushiSwapV2,0x397ff1542f962076d0bfe58ea045ffa2d347aca0,30,UniswapV2,0xb4e16d0168e52d35cacd2c6185b44281ec28c9dc,30,4376.506024,1.685992765191854642,4213.905952,-162.600072,0.056887,-162.656959,false
26163868,UniswapV2,0xb4e16d0168e52d35cacd2c6185b44281ec28c9dc,30,SushiSwapV2,0x397ff1542f962076d0bfe58ea045ffa2d347aca0,30,4456.626506,1.770909503384806772,4293.945469,-162.681037,0.056887,-162.737924,false
26163868,SushiSwapV2,0x397ff1542f962076d0bfe58ea045ffa2d347aca0,30,UniswapV2,0xb4e16d0168e52d35cacd2c6185b44281ec28c9dc,30,4456.626506,1.715903756870079872,4288.632700,-167.993806,0.056887,-168.050693,false
26163868,UniswapV2,0xb4e16d0168e52d35cacd2c6185b44281ec28c9dc,30,SushiSwapV2,0x397ff1542f962076d0bfe58ea045ffa2d347aca0,30,4536.746988,1.802732410969506534,4368.686120,-168.060868,0.056887,-168.117755,false
26163868,SushiSwapV2,0x397ff1542f962076d0bfe58ea045ffa2d347aca0,30,UniswapV2,0xb4e16d0168e52d35cacd2c6185b44281ec28c9dc,30,4536.746988,1.745781512190333557,4363.275314,-173.471674,0.056887,-173.528561,false
26163868,UniswapV2,0xb4e16d0168e52d35cacd2c6185b44281ec28c9dc,30,SushiSwapV2,0x397ff1542f962076d0bfe58ea045ffa2d347aca0,30,4616.867470,1.834554817026734733,4443.342858,-173.524612,0.056887,-173.581499,false
26163868,SushiSwapV2,0x397ff1542f962076d0bfe58ea045ffa2d347aca0,30,UniswapV2,0xb4e16d0168e52d35cacd2c6185b44281ec28c9dc,30,4616.867470,1.775626086518989580,4437.833934,-179.033536,0.056887,-179.090423,false
26163868,UniswapV2,0xb4e16d0168e52d35cacd2c6185b44281ec28c9dc,30,SushiSwapV2,0x397ff1542f962076d0bfe58ea045ffa2d347aca0,30,4696.987952,1.866376721568347347,4517.915824,-179.072128,0.056887,-179.129015,false
26163868,SushiSwapV2,0x397ff1542f962076d0bfe58ea045ffa2d347aca0,30,UniswapV2,0xb4e16d0168e52d35cacd2c6185b44281ec28c9dc,30,4696.987952,1.805437535099514892,4512.308703,-184.679249,0.056887,-184.736136,false
26163868,UniswapV2,0xb4e16d0168e52d35cacd2c6185b44281ec28c9dc,30,SushiSwapV2,0x397ff1542f962076d0bfe58ea045ffa2d347aca0,30,4777.108434,1.898198124606199981,4592.405158,-184.703276,0.056887,-184.760163,false
26163868,SushiSwapV2,0x397ff1542f962076d0bfe58ea045ffa2d347aca0,30,UniswapV2,0xb4e16d0168e52d35cacd2c6185b44281ec28c9dc,30,4777.108434,1.835215913052810370,4586.699761,-190.408673,0.056887,-190.465560,false
26163868,UniswapV2,0xb4e16d0168e52d35cacd2c6185b44281ec28c9dc,30,SushiSwapV2,0x397ff1542f962076d0bfe58ea045ffa2d347aca0,30,4857.228916,1.930019026152147869,4666.811002,-190.417914,0.056887,-190.474801,false
26163868,SushiSwapV2,0x397ff1542f962076d0bfe58ea045ffa2d347aca0,30,UniswapV2,0xb4e16d0168e52d35cacd2c6185b44281ec28c9dc,30,4857.228916,1.864961275377550545,4661.007250,-196.221666,0.056887,-196.278553,false
26163868,UniswapV2,0xb4e16d0168e52d35cacd2c6185b44281ec28c9dc,30,SushiSwapV2,0x397ff1542f962076d0bfe58ea045ffa2d347aca0,30,4937.349398,1.961839426218045868,4741.133495,-196.215903,0.056887,-196.272790,false
26163868,SushiSwapV2,0x397ff1542f962076d0bfe58ea045ffa2d347aca0,30,UniswapV2,0xb4e16d0168e52d35cacd2c6185b44281ec28c9dc,30,4937.349398,1.894673676950522193,4735.231310,-202.118088,0.056887,-202.174975,false
26163868,UniswapV2,0xb4e16d0168e52d35cacd2c6185b44281ec28c9dc,30,SushiSwapV2,0x397ff1542f962076d0bfe58ea045ffa2d347aca0,30,5017.469880,1.993659324815748462,4815.372778,-202.097102,0.056887,-202.153989,false
26163868,SushiSwapV2,0x397ff1542f962076d0bfe58ea045ffa2d347aca0,30,UniswapV2,0xb4e16d0168e52d35cacd2c6185b44281ec28c9dc,30,5017.469880,1.924353172526961815,4809.372083,-208.097797,0.056887,-208.154684,false
26163868,UniswapV2,0xb4e16d0168e52d35cacd2c6185b44281ec28c9dc,30,SushiSwapV2,0x397ff1542f962076d0bfe58ea045ffa2d347aca0,30,5097.590361,2.025478721559968538,4889.528990,-208.061371,0.056887,-208.118258,false
26163868,SushiSwapV2,0x397ff1542f962076d0bfe58ea045ffa2d347aca0,30,UniswapV2,0xb4e16d0168e52d35cacd2c6185b44281ec28c9dc,30,5097.590361,1.953999816371070981,4883.429707,-214.160654,0.056887,-214.217541,false
26163868,UniswapV2,0xb4e16d0168e52d35cacd2c6185b44281ec28c9dc,30,SushiSwapV2,0x397ff1542f962076d0bfe58ea045ffa2d347aca0,30,5177.710843,2.057297617256848542,4963.602271,-214.108572,0.056887,-214.165459,false
26163868,SushiSwapV2,0x397ff1542f962076d0bfe58ea045ffa2d347aca0,30,UniswapV2,0xb4e16d0168e52d35cacd2c6185b44281ec28c9dc,30,5177.710843,1.983613663736044573,4957.404323,-220.306520,0.056887,-220.363407,false
26163868,UniswapV2,0xb4e16d0168e52d35cacd2c6185b44281ec28c9dc,30,SushiSwapV2,0x397ff1542f962076d0bfe58ea045ffa2d347aca0,30,5257.831325,2.089116011521094353,5037.592759,-220.238566,0.056887,-220.295453,false
26163868,SushiSwapV2,0x397ff1542f962076d0bfe58ea045ffa2d347aca0,30,UniswapV2,0xb4e16d0168e52d35cacd2c6185b44281ec28c9dc,30,5257.831325,2.013194768644251214,5031.296071,-226.535254,0.056887,-226.592141,false
26163868,UniswapV2,0xb4e16d0168e52d35cacd2c6185b44281ec28c9dc,30,SushiSwapV2,0x397ff1542f962076d0bfe58ea045ffa2d347aca0,30,5337.951807,2.120933904364558963,5111.500595,-226.451212,0.056887,-226.508099,false
26163868,SushiSwapV2,0x397ff1542f962076d0bfe58ea045ffa2d347aca0,30,UniswapV2,0xb4e16d0168e52d35cacd2c6185b44281ec28c9dc,30,5337.951807,2.042743185368078658,5105.105089,-232.846718,0.056887,-232.903605,false
26163868,UniswapV2,0xb4e16d0168e52d35cacd2c6185b44281ec28c9dc,30,SushiSwapV2,0x397ff1542f962076d0bfe58ea045ffa2d347aca0,30,5418.072289,2.152751295799094987,5185.325915,-232.746374,0.056887,-232.803261,false
26163868,SushiSwapV2,0x397ff1542f962076d0bfe58ea045ffa2d347aca0,30,UniswapV2,0xb4e16d0168e52d35cacd2c6185b44281ec28c9dc,30,5418.072289,2.072258968060035015,5178.831517,-239.240772,0.056887,-239.297659,false
26163868,UniswapV2,0xb4e16d0168e52d35cacd2c6185b44281ec28c9dc,30,SushiSwapV2,0x397ff1542f962076d0bfe58ea045ffa2d347aca0,30,5498.192771,2.184568185836554669,5259.068857,-239.123914,0.056887,-239.180801,false
26163868,SushiSwapV2,0x397ff1542f962076d0bfe58ea045ffa2d347aca0,30,UniswapV2,0xb4e16d0168e52d35cacd2c6185b44281ec28c9dc,30,5498.192771,2.101742170753079563,5252.475492,-245.717279,0.056887,-245.774166,false
26163868,UniswapV2,0xb4e16d0168e52d35cacd2c6185b44281ec28c9dc,30,SushiSwapV2,0x397ff1542f962076d0bfe58ea045ffa2d347aca0,30,5578.313253,2.216384574488789878,5332.729561,-245.583692,0.056887,-245.640579,false
26163868,SushiSwapV2,0x397ff1542f962076d0bfe58ea045ffa2d347aca0,30,UniswapV2,0xb4e16d0168e52d35cacd2c6185b44281ec28c9dc,30,5578.313253,2.131192847360952467,5326.037154,-252.276099,0.056887,-252.332986,false
26163868,UniswapV2,0xb4e16d0168e52d35cacd2c6185b44281ec28c9dc,30,SushiSwapV2,0x397ff1542f962076d0bfe58ea045ffa2d347aca0,30,5658.433735,2.248200461767652110,5406.308163,-252.125572,0.056887,-252.182459,false
26163868,SushiSwapV2,0x397ff1542f962076d0bfe58ea045ffa2d347aca0,30,UniswapV2,0xb4e16d0168e52d35cacd2c6185b44281ec28c9dc,30,5658.433735,2.160611051678503408,5399.516640,-258.917095,0.056887,-258.973982,false
26163868,UniswapV2,0xb4e16d0168e52d35cacd2c6185b44281ec28c9dc,30,SushiSwapV2,0x397ff1542f962076d0bfe58ea045ffa2d347aca0,30,5738.554217,2.280015847684992487,5479.804801,-258.749416,0.056887,-258.806303,false
26163868,SushiSwapV2,0x397ff1542f962076d0bfe58ea045ffa2d347aca0,30,UniswapV2,0xb4e16d0168e52d35cacd2c6185b44281ec28c9dc,30,5738.554217,2.189996837382019122,5472.914087,-265.640130,0.056887,-265.697017,false
26163868,UniswapV2,0xb4e16d0168e52d35cacd2c6185b44281ec28c9dc,30,SushiSwapV2,0x397ff1542f962076d0bfe58ea045ffa2d347aca0,30,5818.674699,2.311830732252661759,5553.219610,-265.455089,0.056887,-265.511976,false
26163868,SushiSwapV2,0x397ff1542f962076d0bfe58ea045ffa2d347aca0,30,UniswapV2,0xb4e16d0168e52d35cacd2c6185b44281ec28c9dc,30,5818.674699,2.219350258029549855,5546.229634,-272.445065,0.056887,-272.501952,false
26163868,UniswapV2,0xb4e16d0168e52d35cacd2c6185b44281ec28c9dc,30,SushiSwapV2,0x397ff1542f962076d0bfe58ea045ffa2d347aca0,30,5898.795181,2.343645115482510301,5626.552729,-272.242452,0.056887,-272.299339,false
26163868,SushiSwapV2,0x397ff1542f962076d0bfe58ea045ffa2d347aca0,30,UniswapV2,0xb4e16d0168e52d35cacd2c6185b44281ec28c9dc,30,5898.795181,2.248671367061234753,5619.463416,-279.331765,0.056887,-279.388652,false
26163868,UniswapV2,0xb4e16d0168e52d35cacd2c6185b44281ec28c9dc,30,SushiSwapV2,0x397ff1542f962076d0bfe58ea045ffa2d347aca0,30,5978.915663,2.375458997386388114,5699.804293,-279.111370,0.056887,-279.168257,false
26163868,SushiSwapV2,0x397ff1542f962076d0bfe58ea045ffa2d347aca0,30,UniswapV2,0xb4e16d0168e52d35cacd2c6185b44281ec28c9dc,30,5978.915663,2.277960217799626157,5692.615572,-286.300091,0.056887,-286.356978,false
26163868,UniswapV2,0xb4e16d0168e52d35cacd2c6185b44281ec28c9dc,30,SushiSwapV2,0x397ff1542f962076d0bfe58ea045ffa2d347aca0,30,6059.036145,2.407272377976144828,5772.974438,-286.061707,0.056887,-286.118594,false
26163868,SushiSwapV2,0x397ff1542f962076d0bfe58ea045ffa2d347aca0,30,UniswapV2,0xb4e16d0168e52d35cacd2c6185b44281ec28c9dc,30,6059.036145,2.307216863450012850,5765.686236,-293.349909,0.056887,-293.406796,false
26163868,UniswapV2,0xb4e16d0168e52d35cacd2c6185b44281ec28c9dc,30,SushiSwapV2,0x397ff1542f962076d0bfe58ea045ffa2d347aca0,30,6139.156627,2.439085257263629698,5846.063300,-293.093327,0.056887,-293.150214,false
26163868,SushiSwapV2,0x397ff1542f962076d0bfe58ea045ffa2d347aca0,30,UniswapV2,0xb4e16d0168e52d35cacd2c6185b44281ec28c9dc,30,6139.156627,2.336441357100742220,5838.675546,-300.481081,0.056887,-300.537968,false
26163868,UniswapV2,0xb4e16d0168e52d35cacd2c6185b44281ec28c9dc,30,SushiSwapV2,0x397ff1542f962076d0bfe58ea045ffa2d347aca0,30,6219.277108,2.470897634863637985,5919.071013,-300.206095,0.056887,-300.262982,false
26163868,SushiSwapV2,0x397ff1542f962076d0bfe58ea045ffa2d347aca0,30,UniswapV2,0xb4e16d0168e52d35cacd2c6185b44281ec28c9dc,30,6219.277108,2.365633751359385269,5911.583635,-307.693473,0.056887,-307.750360,false
26163868,UniswapV2,0xb4e16d0168e52d35cacd2c6185b44281ec28c9dc,30,SushiSwapV2,0x397ff1542f962076d0bfe58ea045ffa2d347aca0,30,6299.397590,2.502709511582131694,5991.997714,-307.399876,0.056887,-307.456763,false
26163868,SushiSwapV2,0x397ff1542f962076d0bfe58ea045ffa2d347aca0,30,UniswapV2,0xb4e16d0168e52d35cacd2c6185b44281ec28c9dc,30,6299.397590,2.394794099810080732,5984.410643,-314.986947,0.056887,-315.043834,false
26163868,UniswapV2,0xb4e16d0168e52d35cacd2c6185b44281ec28c9dc,30,SushiSwapV2,0x397ff1542f962076d0bfe58ea045ffa2d347aca0,30,6379.518072,2.534520887033899083,6064.843537,-314.674535,0.056887,-314.731422,false
26163868,SushiSwapV2,0x397ff1542f962076d0bfe58ea045ffa2d347aca0,30,UniswapV2,0xb4e16d0168e52d35cacd2c6185b44281ec28c9dc,30,6379.518072,2.423922454827717845,6057.156701,-322.361371,0.056887,-322.418258,false
26163868,UniswapV2,0xb4e16d0168e52d35cacd2c6185b44281ec28c9dc,30,SushiSwapV2,0x397ff1542f962076d0bfe58ea045ffa2d347aca0,30,6459.638554,2.566331761230787913,6137.608617,-322.029937,0.056887,-322.086824,false
26163868,SushiSwapV2,0x397ff1542f962076d0bfe58ea045ffa2d347aca0,30,UniswapV2,0xb4e16d0168e52d35cacd2c6185b44281ec28c9dc,30,6459.638554,2.453018869036078974,6129.821947,-329.816607,0.056887,-329.873494,false
26163868,UniswapV2,0xb4e16d0168e52d35cacd2c6185b44281ec28c9dc,30,SushiSwapV2,0x397ff1542f962076d0bfe58ea045ffa2d347aca0,30,6539.759036,2.598142134184645573,6210.293087,-329.465949,0.056887,-329.522836,false
26163868,SushiSwapV2,0x397ff1542f962076d0bfe58ea045ffa2d347aca0,30,UniswapV2,0xb4e16d0168e52d35cacd2c6185b44281ec28c9dc,30,6539.759036,2.482083394943600106,6202.406513,-337.352523,0.056887,-337.409410,false
26163868,UniswapV2,0xb4e16d0168e52d35cacd2c6185b44281ec28c9dc,30,SushiSwapV2,0x397ff1542f962076d0bfe58ea045ffa2d347aca0,30,6619.879518,2.629952005907319077,6282.897082,-336.982436,0.056887,-337.039323,false
26163868,SushiSwapV2,0x397ff1542f962076d0bfe58ea045ffa2d347aca0,30,UniswapV2,0xb4e16d0168e52d35cacd2c6185b44281ec28c9dc,30,6619.879518,2.511116084943686710,6274.910536,-344.968982,0.056887,-345.025869,false
26163868,UniswapV2,0xb4e16d0168e52d35cacd2c6185b44281ec28c9dc,30,SushiSwapV2,0x397ff1542f962076d0bfe58ea045ffa2d347aca0,30,6700.000000,2.661761376410655067,6355.420736,-344.579264,0.056887,-344.636151,false
26163868,SushiSwapV2,0x397ff1542f962076d0bfe58ea045ffa2d347aca0,30,UniswapV2,0xb4e16d0168e52d35cacd2c6185b44281ec28c9dc,30,6700.000000,2.540116991315028567,6347.334147,-352.665853,0.056887,-352.722740,false
26163868,UniswapV2,0xb4e16d0168e52d35cacd2c6185b44281ec28c9dc,30,SushiSwapV2,0x397ff1542f962076d0bfe58ea045ffa2d347aca0,30,6780.120482,2.693570245706499811,6427.864180,-352.256302,0.056887,-352.313189,false
26163868,SushiSwapV2,0x397ff1542f962076d0bfe58ea045ffa2d347aca0,30,UniswapV2,0xb4e16d0168e52d35cacd2c6185b44281ec28c9dc,30,6780.120482,2.569086166221913556,6419.677482,-360.443000,0.056887,-360.499887,false
26163868,UniswapV2,0xb4e16d0168e52d35cacd2c6185b44281ec28c9dc,30,SushiSwapV2,0x397ff1542f962076d0bfe58ea045ffa2d347aca0,30,6860.240964,2.725378613806699203,6500.227549,-360.013415,0.056887,-360.070302,false
26163868,SushiSwapV2,0x397ff1542f962076d0bfe58ea045ffa2d347aca0,30,UniswapV2,0xb4e16d0168e52d35cacd2c6185b44281ec28c9dc,30,6860.240964,2.598023661714540420,6491.940673,-368.300291,0.056887,-368.357178,false
26163868,UniswapV2,0xb4e16d0168e52d35cacd2c6185b44281ec28c9dc,30,SushiSwapV2,0x397ff1542f962076d0bfe58ea045ffa2d347aca0,30,6940.361446,2.757186480723098766,6572.510975,-367.850471,0.056887,-367.907358,false
26163868,SushiSwapV2,0x397ff1542f962076d0bfe58ea045ffa2d347aca0,30,UniswapV2,0xb4e16d0168e52d35cacd2c6185b44281ec28c9dc,30,6940.361446,2.626929529729330501,6564.123854,-376.237592,0.056887,-376.294479,false
26163868,UniswapV2,0xb4e16d0168e52d35cacd2c6185b44281ec28c9dc,30,SushiSwapV2,0x397ff1542f962076d0bfe58ea045ffa2d347aca0,30,7020.481928,2.788993846467543646,6644.714591,-375.767337,0.056887,-375.824224,false
26163868,SushiSwapV2,0x397ff1542f962076d0bfe58ea045ffa2d347aca0,30,UniswapV2,0xb4e16d0168e52d35cacd2c6185b44281ec28c9dc,30,7020.481928,2.655803822089238457,6636.227157,-384.254771,0.056887,-384.311658,false
26163868,UniswapV2,0xb4e16d0168e52d35cacd2c6185b44281ec28c9dc,30,SushiSwapV2,0x397ff1542f962076d0bfe58ea045ffa2d347aca0,30,7100.602410,2.820800711051878620,6716.838528,-383.763882,0.056887,-383.820769,false
26163868,SushiSwapV2,0x397ff1542f962076d0bfe58ea045ffa2d347aca0,30,UniswapV2,0xb4e16d0168e52d35cacd2c6185b44281ec28c9dc,30,7100.602410,2.684646590504061957,6708.250715,-392.351695,0.056887,-392.408582,false
26163868,UniswapV2,0xb4e16d0168e52d35cacd2c6185b44281ec28c9dc,30,SushiSwapV2,0x397ff1542f962076d0bfe58ea045ffa2d347aca0,30,7180.722892,2.852607074487948089,6788.882918,-391.839974,0.056887,-391.896861,false
26163868,SushiSwapV2,0x397ff1542f962076d0bfe58ea045ffa2d347aca0,30,UniswapV2,0xb4e16d0168e52d35cacd2c6185b44281ec28c9dc,30,7180.722892,2.713457886570750364,6780.194661,-400.528231,0.056887,-400.585118,false
26163868,UniswapV2,0xb4e16d0168e52d35cacd2c6185b44281ec28c9dc,30,SushiSwapV2,0x397ff1542f962076d0bfe58ea045ffa2d347aca0,30,7260.843373,2.884412936390623785,6860.847893,-399.995480,0.056887,-400.052367,false
26163868,SushiSwapV2,0x397ff1542f962076d0bfe58ea045ffa2d347aca0,30,UniswapV2,0xb4e16d0168e52d35cacd2c6185b44281ec28c9dc,30,7260.843373,2.742237761414700819,6852.059125,-408.784248,0.056887,-408.841135,false
26163868,UniswapV2,0xb4e16d0168e52d35cacd2c6185b44281ec28c9dc,30,SushiSwapV2,0x397ff1542f962076d0bfe58ea045ffa2d347aca0,30,7340.963855,2.916218297565700209,6932.733584,-408.230271,0.056887,-408.287158,false
26163868,SushiSwapV2,0x397ff1542f962076d0bfe58ea045ffa2d347aca0,30,UniswapV2,0xb4e16d0168e52d35cacd2c6185b44281ec28c9dc,30,7340.963855,2.770986267126502490,6923.844240,-417.119615,0.056887,-417.176502,false
26163868,UniswapV2,0xb4e16d0168e52d35cacd2c6185b44281ec28c9dc,30,SushiSwapV2,0x397ff1542f962076d0bfe58ea045ffa2d347aca0,30,7421.084337,2.948023157628042095,7004.540123,-416.544214,0.056887,-416.601101,false
26163868,SushiSwapV2,0x397ff1542f962076d0bfe58ea045ffa2d347aca0,30,UniswapV2,0xb4e16d0168e52d35cacd2c6185b44281ec28c9dc,30,7421.084337,2.799703454606998407,6995.550137,-425.534200,0.056887,-425.591087,false
26163868,UniswapV2,0xb4e16d0168e52d35cacd2c6185b44281ec28c9dc,30,SushiSwapV2,0x397ff1542f962076d0bfe58ea045ffa2d347aca0,30,7501.204819,2.979827516589492349,7076.267640,-424.937179,0.056887,-424.994066,false
26163868,SushiSwapV2,0x397ff1542f962076d0bfe58ea045ffa2d347aca0,30,UniswapV2,0xb4e16d0168e52d35cacd2c6185b44281ec28c9dc,30,7501.204819,2.828389375004811415,7067.176948,-434.027871,0.056887,-434.084758,false
26163868,UniswapV2,0xb4e16d0168e52d35cacd2c6185b44281ec28c9dc,30,SushiSwapV2,0x397ff1542f962076d0bfe58ea045ffa2d347aca0,30,7581.325301,3.011631374461893508,7147.916264,-433.409037,0.056887,-433.465924,false
26163868,SushiSwapV2,0x397ff1542f962076d0bfe58ea045ffa2d347aca0,30,UniswapV2,0xb4e16d0168e52d35cacd2c6185b44281ec28c9dc,30,7581.325301,2.857044079357244400,7138.724803,-442.600498,0.056887,-442.657385,false
26163868,UniswapV2,0xb4e16d0168e52d35cacd2c6185b44281ec28c9dc,30,SushiSwapV2,0x397ff1542f962076d0bfe58ea045ffa2d347aca0,30,7661.445783,3.043434731257087734,7219.486127,-441.959656,0.056887,-442.016543,false
26163868,SushiSwapV2,0x397ff1542f962076d0bfe58ea045ffa2d347aca0,30,UniswapV2,0xb4e16d0168e52d35cacd2c6185b44281ec28c9dc,30,7661.445783,2.885667618590582970,7210.193832,-451.251951,0.056887,-451.308838,false
26163868,UniswapV2,0xb4e16d0168e52d35cacd2c6185b44281ec28c9dc,30,SushiSwapV2,0x397ff1542f962076d0bfe58ea045ffa2d347aca0,30,7741.566265,3.075237586986916817,7290.977358,-450.588907,0.056887,-450.645794,false
26163868,SushiSwapV2,0x397ff1542f962076d0bfe58ea045ffa2d347aca0,30,UniswapV2,0xb4e16d0168e52d35cacd2c6185b44281ec28c9dc,30,7741.566265,2.914260043520397152,7281.584165,-459.982100,0.056887,-460.038987,false
26163868,UniswapV2,0xb4e16d0168e52d35cacd2c6185b44281ec28c9dc,30,SushiSwapV2,0x397ff1542f962076d0bfe58ea045ffa2d347aca0,30,7821.686747,3.107039941663222172,7362.390087,-459.296660,0.056887,-459.353547,false
26163868,SushiSwapV2,0x397ff1542f962076d0bfe58ea045ffa2d347aca0,30,UniswapV2,0xb4e16d0168e52d35cacd2c6185b44281ec28c9dc,30,7821.686747,2.942821404851842101,7352.895933,-468.790814,0.056887,-468.847701,false
26163868,UniswapV2,0xb4e16d0168e52d35cacd2c6185b44281ec28c9dc,30,SushiSwapV2,0x397ff1542f962076d0bfe58ea045ffa2d347aca0,30,7901.807229,3.138841795297844843,7433.724442,-468.082787,0.056887,-468.139674,false
26163868,SushiSwapV2,0x397ff1542f962076d0bfe58ea045ffa2d347aca0,30,UniswapV2,0xb4e16d0168e52d35cacd2c6185b44281ec28c9dc,30,7901.807229,2.971351753179957832,7424.129266,-477.677963,0.056887,-477.734850,false
26163868,UniswapV2,0xb4e16d0168e52d35cacd2c6185b44281ec28c9dc,30,SushiSwapV2,0x397ff1542f962076d0bfe58ea045ffa2d347aca0,30,7981.927711,3.170643147902625500,7504.980553,-476.947158,0.056887,-477.004045,false
26163868,SushiSwapV2,0x397ff1542f962076d0bfe58ea045ffa2d347aca0,30,UniswapV2,0xb4e16d0168e52d35cacd2c6185b44281ec28c9dc,30,7981.927711,2.999851138989967978,7495.284291,-486.643420,0.056887,-486.700307,false
26163868,UniswapV2,0xb4e16d0168e52d35cacd2c6185b44281ec28c9dc,30,SushiSwapV2,0x397ff1542f962076d0bfe58ea045ffa2d347aca0,30,8062.048193,3.202443999489404439,7576.158549,-485.889644,0.056887,-485.946531,false
26163868,SushiSwapV2,0x397ff1542f962076d0bfe58ea045ffa2d347aca0,30,UniswapV2,0xb4e16d0168e52d35cacd2c6185b44281ec28c9dc,30,8062.048193,3.028319612657577568,7566.361140,-495.687053,0.056887,-495.743940,false
26163868,UniswapV2,0xb4e16d0168e52d35cacd2c6185b44281ec28c9dc,30,SushiSwapV2,0x397ff1542f962076d0bfe58ea045ffa2d347aca0,30,8142.168675,3.234244350070021585,7647.258557,-494.910118,0.056887,-494.967005,false
26163868,SushiSwapV2,0x397ff1542f962076d0bfe58ea045ffa2d347aca0,30,UniswapV2,0xb4e16d0168e52d35cacd2c6185b44281ec28c9dc,30,8142.168675,3.056757224449269851,7637.359939,-504.808736,0.056887,-504.865623,false
26163868,UniswapV2,0xb4e16d0168e52d35cacd2c6185b44281ec28c9dc,30,SushiSwapV2,0x397ff1542f962076d0bfe58ea045ffa2d347aca0,30,8222.289157,3.266044199656316487,7718.280707,-504.008450,0.056887,-504.065337,false
26163868,SushiSwapV2,0x397ff1542f962076d0bfe58ea045ffa2d347aca0,30,UniswapV2,0xb4e16d0168e52d35cacd2c6185b44281ec28c9dc,30,8222.289157,3.085164024522602136,7708.280819,-514.008338,0.056887,-514.065225,false
26163868,UniswapV2,0xb4e16d0168e52d35cacd2c6185b44281ec28c9dc,30,SushiSwapV2,0x397ff1542f962076d0bfe58ea045ffa2d347aca0,30,8302.409639,3.297843548260128324,7789.225124,-513.184515,0.056887,-513.241402,false
26163868,SushiSwapV2,0x397ff1542f962076d0bfe58ea045ffa2d347aca0,30,UniswapV2,0xb4e16d0168e52d35cacd2c6185b44281ec28c9dc,30,8302.409639,3.113540062926500691,7779.123906,-523.285733,0.056887,-523.342620,false
26163868,UniswapV2,0xb4e16d0168e52d35cacd2c6185b44281ec28c9dc,30,SushiSwapV2,0x397ff1542f962076d0bfe58ea045ffa2d347aca0,30,8382.530120,3.329642395496411155,7860.091938,-522.438182,0.056887,-522.495069,false
26163868,SushiSwapV2,0x397ff1542f962076d0bfe58ea045ffa2d347aca0,30,UniswapV2,0xb4e16d0168e52d35cacd2c6185b44281ec28c9dc,30,8382.530120,3.141885389247962341,7849.889328,-532.640792,0.056887,-532.697679,false
26163868,UniswapV2,0xb4e16d0168e52d35cacd2c6185b44281ec28c9dc,30,SushiSwapV2,0x397ff1542f962076d0bfe58ea045ffa2d347aca0,30,8462.650602,3.361440742170779155,7930.881275,-531.769327,0.056887,-531.826214,false
26163868,SushiSwapV2,0x397ff1542f962076d0bfe58ea045ffa2d347aca0,30,UniswapV2,0xb4e16d0168e52d35cacd2c6185b44281ec28c9dc,30,8462.650602,3.170200054027099138,7920.577215,-542.073387,0.056887,-542.130274,false
26163868,UniswapV2,0xb4e16d0168e52d35cacd2c6185b44281ec28c9dc,30,SushiSwapV2,0x397ff1542f962076d0bfe58ea045ffa2d347aca0,30,8542.771084,3.393238587898179384,8001.593264,-541.177820,0.056887,-541.234707,false
26163868,SushiSwapV2,0x397ff1542f962076d0bfe58ea045ffa2d347aca0,30,UniswapV2,0xb4e16d0168e52d35cacd2c6185b44281ec28c9dc,30,8542.771084,3.198484106634728659,7991.187693,-551.583391,0.056887,-551.640278,false
26163868,UniswapV2,0xb4e16d0168e52d35cacd2c6185b44281ec28c9dc,30,SushiSwapV2,0x397ff1542f962076d0bfe58ea045ffa2d347aca0,30,8622.891566,3.425035932690449529,8072.228029,-550.663537,0.056887,-550.720424,false
26163868,SushiSwapV2,0x397ff1542f962076d0bfe58ea045ffa2d347aca0,30,UniswapV2,0xb4e16d0168e52d35cacd2c6185b44281ec28c9dc,30,8622.891566,3.226737596688182784,8061.720889,-561.170677,0.056887,-561.227564,false
26163868,UniswapV2,0xb4e16d0168e52d35cacd2c6185b44281ec28c9dc,30,SushiSwapV2,0x397ff1542f962076d0bfe58ea045ffa2d347aca0,30,8703.012048,3.456832776559426901,8142.785698,-560.226350,0.056887,-560.283237,false
26163868,SushiSwapV2,0x397ff1542f962076d0bfe58ea045ffa2d347aca0,30,UniswapV2,0xb4e16d0168e52d35cacd2c6185b44281ec28c9dc,30,8703.012048,3.254960573697622505,8132.176929,-570.835119,0.056887,-570.892006,false
26163868,UniswapV2,0xb4e16d0168e52d35cacd2c6185b44281ec28c9dc,30,SushiSwapV2,0x397ff1542f962076d0bfe58ea045ffa2d347aca0,30,8783.132530,3.488629119516948441,8213.266397,-569.866133,0.056887,-569.923020,false
26163868,SushiSwapV2,0x397ff1542f962076d0bfe58ea045ffa2d347aca0,30,UniswapV2,0xb4e16d0168e52d35cacd2c6185b44281ec28c9dc,30,8783.132530,3.283153087066327122,8202.555941,-580.576589,0.056887,-580.633476,false
26163868,UniswapV2,0xb4e16d0168e52d35cacd2c6185b44281ec28c9dc,30,SushiSwapV2,0x397ff1542f962076d0bfe58ea045ffa2d347aca0,30,8863.253012,3.520424961574850715,8283.670251,-579.582761,0.056887,-579.639648,false
26163868,SushiSwapV2,0x397ff1542f962076d0bfe58ea045ffa2d347aca0,30,UniswapV2,0xb4e16d0168e52d35cacd2c6185b44281ec28c9dc,30,8863.253012,3.311315186090982507,8272.858050,-590.394962,0.056887,-590.451849,false
26163868,UniswapV2,0xb4e16d0168e52d35cacd2c6185b44281ec28c9dc,30,SushiSwapV2,0x397ff1542f962076d0bfe58ea045ffa2d347aca0,30,8943.373494,3.552220302744969917,8353.997387,-589.376107,0.056887,-589.432994,false
26163868,SushiSwapV2,0x397ff1542f962076d0bfe58ea045ffa2d347aca0,30,UniswapV2,0xb4e16d0168e52d35cacd2c6185b44281ec28c9dc,30,8943.373494,3.339446919961968433,8343.083383,-600.290111,0.056887,-600.346998,false
26163868,UniswapV2,0xb4e16d0168e52d35cacd2c6185b44281ec28c9dc,30,SushiSwapV2,0x397ff1542f962076d0bfe58ea045ffa2d347aca0,30,9023.493976,3.584015143039141868,8424.247930,-599.246046,0.056887,-599.302933,false
26163868,SushiSwapV2,0x397ff1542f962076d0bfe58ea045ffa2d347aca0,30,UniswapV2,0xb4e16d0168e52d35cacd2c6185b44281ec28c9dc,30,9023.493976,3.367548337763644974,8413.232066,-610.261910,0.056887,-610.318797,false
26163868,UniswapV2,0xb4e16d0168e52d35cacd2c6185b44281ec28c9dc,30,SushiSwapV2,0x397ff1542f962076d0bfe58ea045ffa2d347aca0,30,9103.614458,3.615809482469202016,8494.422004,-609.192454,0.056887,-609.249341,false
26163868,SushiSwapV2,0x397ff1542f962076d0bfe58ea045ffa2d347aca0,30,UniswapV2,0xb4e16d0168e52d35cacd2c6185b44281ec28c9dc,30,9103.614458,3.395619488474637982,8483.304223,-620.310235,0.056887,-620.367122,false
26163868,UniswapV2,0xb4e16d0168e52d35cacd2c6185b44281ec28c9dc,30,SushiSwapV2,0x397ff1542f962076d0bfe58ea045ffa2d347aca0,30,9183.734940,3.647603321046985436,8564.519734,-619.215206,0.056887,-619.272093,false
26163868,SushiSwapV2,0x397ff1542f962076d0bfe58ea045ffa2d347aca0,30,UniswapV2,0xb4e16d0168e52d35cacd2c6185b44281ec28c9dc,30,9183.734940,3.423660420968123642,8553.299980,-630.434960,0.056887,-630.491847,false
26163868,UniswapV2,0xb4e16d0168e52d35cacd2c6185b44281ec28c9dc,30,SushiSwapV2,0x397ff1542f962076d0bfe58ea045ffa2d347aca0,30,9263.855422,3.679396658784326831,8634.541246,-629.314176,0.056887,-629.371063,false
26163868,SushiSwapV2,0x397ff1542f962076d0bfe58ea045ffa2d347aca0,30,UniswapV2,0xb4e16d0168e52d35cacd2c6185b44281ec28c9dc,30,9263.855422,3.451671184012112104,8623.219461,-640.635961,0.056887,-640.692848,false
26163868,UniswapV2,0xb4e16d0168e52d35cacd2c6185b44281ec28c9dc,30,SushiSwapV2,0x397ff1542f962076d0bfe58ea045ffa2d347aca0,30,9343.975904,3.711189495693060529,8704.486662,-639.489242,0.056887,-639.546129,false
26163868,SushiSwapV2,0x397ff1542f962076d0bfe58ea045ffa2d347aca0,30,UniswapV2,0xb4e16d0168e52d35cacd2c6185b44281ec28c9dc,30,9343.975904,3.479651826269730206,8693.062792,-650.913112,0.056887,-650.969999,false
26163868,UniswapV2,0xb4e16d0168e52d35cacd2c6185b44281ec28c9dc,30,SushiSwapV2,0x397ff1542f962076d0bfe58ea045ffa2d347aca0,30,9424.096386,3.742981831785020488,8774.356108,-649.740278,0.056887,-649.797165,false
26163868,SushiSwapV2,0x397ff1542f962076d0bfe58ea045ffa2d347aca0,30,UniswapV2,0xb4e16d0168e52d35cacd2c6185b44281ec28c9dc,30,9424.096386,3.507602396299503281,8762.830097,-661.266289,0.056887,-661.323176,false
26163868,UniswapV2,0xb4e16d0168e52d35cacd2c6185b44281ec28c9dc,30,SushiSwapV2,0x397ff1542f962076d0bfe58ea045ffa2d347aca0,30,9504.216867,3.774773666675243066,8844.149706,-660.067161,0.056887,-660.124048,false
26163868,SushiSwapV2,0x397ff1542f962076d0bfe58ea045ffa2d347aca0,30,UniswapV2,0xb4e16d0168e52d35cacd2c6185b44281ec28c9dc,30,9504.216867,3.535522942207341217,8832.521498,-671.695369,0.056887,-671.752256,false
26163868,UniswapV2,0xb4e16d0168e52d35cacd2c6185b44281ec28c9dc,30,SushiSwapV2,0x397ff1542f962076d0bfe58ea045ffa2d347aca0,30,9584.337349,3.806565001169162174,8913.867581,-670.469768,0.056887,-670.526655,false
26163868,SushiSwapV2,0x397ff1542f962076d0bfe58ea045ffa2d347aca0,30,UniswapV2,0xb4e16d0168e52d35cacd2c6185b44281ec28c9dc,30,9584.337349,3.563413513040371645,8902.137122,-682.200227,0.056887,-682.257114,false
26163868,UniswapV2,0xb4e16d0168e52d35cacd2c6185b44281ec28c9dc,30,SushiSwapV2,0x397ff1542f962076d0bfe58ea045ffa2d347aca0,30,9664.457831,3.838355834881807176,8983.509856,-680.947975,0.056887,-681.004862,false
26163868,SushiSwapV2,0x397ff1542f962076d0bfe58ea045ffa2d347aca0,30,UniswapV2,0xb4e16d0168e52d35cacd2c6185b44281ec28c9dc,30,9664.457831,3.591274156696327901,8971.677091,-692.780740,0.056887,-692.837627,false
26163868,UniswapV2,0xb4e16d0168e52d35cacd2c6185b44281ec28c9dc,30,SushiSwapV2,0x397ff1542f962076d0bfe58ea045ffa2d347aca0,30,9744.578313,3.870146167825010536,9053.076653,-691.501660,0.056887,-691.558547,false
26163868,SushiSwapV2,0x397ff1542f962076d0bfe58ea045ffa2d347aca0,30,UniswapV2,0xb4e16d0168e52d35cacd2c6185b44281ec28c9dc,30,9744.578313,3.619104921318129277,9041.141528,-703.436785,0.056887,-703.493672,false
26163868,UniswapV2,0xb4e16d0168e52d35cacd2c6185b44281ec28c9dc,30,SushiSwapV2,0x397ff1542f962076d0bfe58ea045ffa2d347aca0,30,9824.698795,3.901936000010604347,9122.568095,-702.130700,0.056887,-702.187587,false
26163868,SushiSwapV2,0x397ff1542f962076d0bfe58ea045ffa2d347aca0,30,UniswapV2,0xb4e16d0168e52d35cacd2c6185b44281ec28c9dc,30,9824.698795,3.646905854945489049,9110.530557,-714.168238,0.056887,-714.225125,false
26163868,UniswapV2,0xb4e16d0168e52d35cacd2c6185b44281ec28c9dc,30,SushiSwapV2,0x397ff1542f962076d0bfe58ea045ffa2d347aca0,30,9904.819277,3.933725331450420328,9191.984305,-712.834972,0.056887,-712.891859,false
26163868,SushiSwapV2,0x397ff1542f962076d0bfe58ea045ffa2d347aca0,30,UniswapV2,0xb4e16d0168e52d35cacd2c6185b44281ec28c9dc,30,9904.819277,3.674677005515190890,9179.844299,-724.974978,0.056887,-725.031865,false
26163868,UniswapV2,0xb4e16d0168e52d35cacd2c6185b44281ec28c9dc,30,SushiSwapV2,0x397ff1542f962076d0bfe58ea045ffa2d347aca0,30,9984.939759,3.965514162156289828,9261.325404,-723.614355,0.056887,-723.671242,false
26163868,SushiSwapV2,0x397ff1542f962076d0bfe58ea045ffa2d347aca0,30,UniswapV2,0xb4e16d0168e52d35cacd2c6185b44281ec28c9dc,30,9984.939759,3.702418420861364390,9249.082878,-735.856881,0.056887,-735.913768,false
26163868,UniswapV2,0xb4e16d0168e52d35cacd2c6185b44281ec28c9dc,30,SushiSwapV2,0x397ff1542f962076d0bfe58ea045ffa2d347aca0,30,10065.060241,3.997302492140043820,9330.591514,-734.468727,0.056887,-734.525614,false
26163868,SushiSwapV2,0x397ff1542f962076d0bfe58ea045ffa2d347aca0,30,UniswapV2,0xb4e16d0168e52d35cacd2c6185b44281ec28c9dc,30,10065.060241,3.730130148715759695,9318.246416,-746.813825,0.056887,-746.870712,false
26163868,UniswapV2,0xb4e16d0168e52d35cacd2c6185b44281ec28c9dc,30,SushiSwapV2,0x397ff1542f962076d0bfe58ea045ffa2d347aca0,30,10145.180723,4.029090321413512906,9399.782757,-745.397966,0.056887,-745.454853,false
26163868,SushiSwapV2,0x397ff1542f962076d0bfe58ea045ffa2d347aca0,30,UniswapV2,0xb4e16d0168e52d35cacd2c6185b44281ec28c9dc,30,10145.180723,3.757812236708021267,9387.335035,-757.845688,0.056887,-757.902575,false
26163868,UniswapV2,0xb4e16d0168e52d35cacd2c6185b44281ec28c9dc,30,SushiSwapV2,0x397ff1542f962076d0bfe58ea045ffa2d347aca0,30,10225.301205,4.060877649988527315,9468.899255,-756.401950,0.056887,-756.458837,false
26163868,SushiSwapV2,0x397ff1542f962076d0bfe58ea045ffa2d347aca0,30,UniswapV2,0xb4e16d0168e52d35cacd2c6185b44281ec28c9dc,30,10225.301205,3.785464732365960759,9456.348856,-768.952349,0.056887,-769.009236,false
26163868,UniswapV2,0xb4e16d0168e52d35cacd2c6185b44281ec28c9dc,30,SushiSwapV2,0x397ff1542f962076d0bfe58ea045ffa2d347aca0,30,10305.421687,4.092664477876916903,9537.941128,-767.480559,0.056887,-767.537446,false
26163868,SushiSwapV2,0x397ff1542f962076d0bfe58ea045ffa2d347aca0,30,UniswapV2,0xb4e16d0168e52d35cacd2c6185b44281ec28c9dc,30,10305.421687,3.813087683115829024,9525.288000,-780.133687,0.056887,-780.190574,false
26163868,UniswapV2,0xb4e16d0168e52d35cacd2c6185b44281ec28c9dc,30,SushiSwapV2,0x397ff1542f962076d0bfe58ea045ffa2d347aca0,30,10385.542169,4.124450805090511154,9606.908497,-778.633672,0.056887,-778.690559,false
26163868,SushiSwapV2,0x397ff1542f962076d0bfe58ea045ffa2d347aca0,30,UniswapV2,0xb4e16d0168e52d35cacd2c6185b44281ec28c9dc,30,10385.542169,3.840681136282587242,9594.152589,-791.389580,0.056887,-791.446467,false
26163868,UniswapV2,0xb4e16d0168e52d35cacd2c6185b44281ec28c9dc,30,SushiSwapV2,0x397ff1542f962076d0bfe58ea045ffa2d347aca0,30,10465.662651,4.156236631641139178,9675.801482,-789.861169,0.056887,-789.918056,false
26163868,SushiSwapV2,0x397ff1542f962076d0bfe58ea045ffa2d347aca0,30,UniswapV2,0xb4e16d0168e52d35cacd2c6185b44281ec28c9dc,30,10465.662651,3.868245139090177191,9662.942745,-802.719906,0.056887,-802.776793,false
26163868,UniswapV2,0xb4e16d0168e52d35cacd2c6185b44281ec28c9dc,30,SushiSwapV2,0x397ff1542f962076d0bfe58ea045ffa2d347aca0,30,10545.783133,4.188021957540629716,9744.620205,-801.162928,0.056887,-801.219815,false
26163868,SushiSwapV2,0x397ff1542f962076d0bfe58ea045ffa2d347aca0,30,UniswapV2,0xb4e16d0168e52d35cacd2c6185b44281ec28c9dc,30,10545.783133,3.895779738661790644,9731.658586,-814.124547,0.056887,-814.181434,false
26163868,UniswapV2,0xb4e16d0168e52d35cacd2c6185b44281ec28c9dc,30,SushiSwapV2,0x397ff1542f962076d0bfe58ea045ffa2d347aca0,30,10625.903614,4.219806782404101398,9813.364783,-812.538831,0.056887,-812.595718,false
26163868,SushiSwapV2,0x397ff1542f962076d0bfe58ea045ffa2d347aca0,30,UniswapV2,0xb4e16d0168e52d35cacd2c6185b44281ec28c9dc,30,10625.903614,3.923284981677022387,9800.300233,-825.603381,0.056887,-825.660268,false
26163868,UniswapV2,0xb4e16d0168e52d35cacd2c6185b44281ec28c9dc,30,SushiSwapV2,0x397ff1542f962076d0bfe58ea045ffa2d347aca0,30,10706.024096,4.251591107036807933,9882.035339,-823.988757,0.056887,-824.045644,false
26163868,SushiSwapV2,0x397ff1542f962076d0bfe58ea045ffa2d347aca0,30,UniswapV2,0xb4e16d0168e52d35cacd2c6185b44281ec28c9dc,30,10706.024096,3.950760915744965503,9868.867808,-837.156288,0.056887,-837.213175,false
26163868,UniswapV2,0xb4e16d0168e52d35cacd2c6185b44281ec28c9dc,30,SushiSwapV2,0x397ff1542f962076d0bfe58ea045ffa2d347aca0,30,10786.144578,4.283374931053860958,9950.631992,-835.512586,0.056887,-835.569473,false
26163868,SushiSwapV2,0x397ff1542f962076d0bfe58ea045ffa2d347aca0,30,UniswapV2,0xb4e16d0168e52d35cacd2c6185b44281ec28c9dc,30,10786.144578,3.978207587344687925,9937.361429,-848.783149,0.056887,-848.840036,false
26163868,UniswapV2,0xb4e16d0168e52d35cacd2c6185b44281ec28c9dc,30,SushiSwapV2,0x397ff1542f962076d0bfe58ea045ffa2d347aca0,30,10866.265060,4.315158254467087724,10019.154859,-847.110201,0.056887,-847.167088,false
26163868,SushiSwapV2,0x397ff1542f962076d0bfe58ea045ffa2d347aca0,30,UniswapV2,0xb4e16d0168e52d35cacd2c6185b44281ec28c9dc,30,10866.265060,4.005625043199058223,10005.781217,-860.483843,0.056887,-860.540730,false
26163868,UniswapV2,0xb4e16d0168e52d35cacd2c6185b44281ec28c9dc,30,SushiSwapV2,0x397ff1542f962076d0bfe58ea045ffa2d347aca0,30,10946.385542,4.346941077288315103,10087.604061,-858.781481,0.056887,-858.838368,false
26163868,SushiSwapV2,0x397ff1542f962076d0bfe58ea045ffa2d347aca0,30,UniswapV2,0xb4e16d0168e52d35cacd2c6185b44281ec28c9dc,30,10946.385542,4.033013329931529104,10074.127290,-872.258252,0.056887,-872.315139,false
26163868,UniswapV2,0xb4e16d0168e52d35cacd2c6185b44281ec28c9dc,30,SushiSwapV2,0x397ff1542f962076d0bfe58ea045ffa2d347aca0,30,11026.506024,4.378723399529369601,10155.979717,-870.526307,0.056887,-870.583194,false
26163868,SushiSwapV2,0x397ff1542f962076d0bfe58ea045ffa2d347aca0,30,UniswapV2,0xb4e16d0168e52d35cacd2c6185b44281ec28c9dc,30,11026.506024,4.060372494066401686,10142.399768,-884.106256,0.056887,-884.163143,false
26163868,UniswapV2,0xb4e16d0168e52d35cacd2c6185b44281ec28c9dc,30,SushiSwapV2,0x397ff1542f962076d0bfe58ea045ffa2d347aca0,30,11106.626506,4.410505221202077346,10224.281943,-882.344563,0.056887,-882.401450,false
26163868,SushiSwapV2,0x397ff1542f962076d0bfe58ea045ffa2d347aca0,30,UniswapV2,0xb4e16d0168e52d35cacd2c6185b44281ec28c9dc,30,11106.626506,4.087702582029088935,10210.598769,-896.027737,0.056887,-896.084624,false
26163868,UniswapV2,0xb4e16d0168e52d35cacd2c6185b44281ec28c9dc,30,SushiSwapV2,0x397ff1542f962076d0bfe58ea045ffa2d347aca0,30,11186.746988,4.442286542318264097,10292.510860,-894.236128,0.056887,-894.293015,false
26163868,SushiSwapV2,0x397ff1542f962076d0bfe58ea045ffa2d347aca0,30,UniswapV2,0xb4e16d0168e52d35cacd2c6185b44281ec28c9dc,30,11186.746988,4.115003640146378261,10278.724413,-908.022575,0.056887,-908.079462,false
26163868,UniswapV2,0xb4e16d0168e52d35cacd2c6185b44281ec28c9dc,30,SushiSwapV2,0x397ff1542f962076d0bfe58ea045ffa2d347aca0,30,11266.867470,4.474067362889755239,10360.666584,-906.200886,0.056887,-906.257773,false
26163868,SushiSwapV2,0x397ff1542f962076d0bfe58ea045ffa2d347aca0,30,UniswapV2,0xb4e16d0168e52d35cacd2c6185b44281ec28c9dc,30,11266.867470,4.142275714646693278,10346.776816,-920.090654,0.056887,-920.147541,false
26163868,UniswapV2,0xb4e16d0168e52d35cacd2c6185b44281ec28c9dc,30,SushiSwapV2,0x397ff1542f962076d0bfe58ea045ffa2d347aca0,30,11346.987952,4.505847682928375785,10428.749234,-918.238718,0.056887,-918.295605,false
26163868,SushiSwapV2,0x397ff1542f962076d0bfe58ea045ffa2d347aca0,30,UniswapV2,0xb4e16d0168e52d35cacd2c6185b44281ec28c9dc,30,11346.987952,4.169518851660354732,10414.756098,-932.231854,0.056887,-932.288741,false
26163868,UniswapV2,0xb4e16d0168e52d35cacd2c6185b44281ec28c9dc,30,SushiSwapV2,0x397ff1542f962076d0bfe58ea045ffa2d347aca0,30,11427.108434,4.537627502445950375,10496.758927,-930.349507,0.056887,-930.406394,false
26163868,SushiSwapV2,0x397ff1542f962076d0bfe58ea045ffa2d347aca0,30,UniswapV2,0xb4e16d0168e52d35cacd2c6185b44281ec28c9dc,30,11427.108434,4.196733097219840590,10482.662375,-944.446059,0.056887,-944.502946,false
26163868,UniswapV2,0xb4e16d0168e52d35cacd2c6185b44281ec28c9dc,30,SushiSwapV2,0x397ff1542f962076d0bfe58ea045ffa2d347aca0,30,11507.228916,4.569406821454303277,10564.695780,-942.533136,0.056887,-942.590023,false
26163868,SushiSwapV2,0x397ff1542f962076d0bfe58ea045ffa2d347aca0,30,UniswapV2,0xb4e16d0168e52d35cacd2c6185b44281ec28c9dc,30,11507.228916,4.223918497260045319,10550.495767,-956.733149,0.056887,-956.790036,false
26163868,UniswapV2,0xb4e16d0168e52d35cacd2c6185b44281ec28c9dc,30,SushiSwapV2,0x397ff1542f962076d0bfe58ea045ffa2d347aca0,30,11587.349398,4.601185639965258386,10632.559910,-954.789488,0.056887,-954.846375,false
26163868,SushiSwapV2,0x397ff1542f962076d0bfe58ea045ffa2d347aca0,30,UniswapV2,0xb4e16d0168e52d35cacd2c6185b44281ec28c9dc,30,11587.349398,4.251075097618538323,10618.256389,-969.093009,0.056887,-969.149896,false
26163868,UniswapV2,0xb4e16d0168e52d35cacd2c6185b44281ec28c9dc,30,SushiSwapV2,0x397ff1542f962076d0bfe58ea045ffa2d347aca0,30,11667.469880,4.632963957990639226,10700.351434,-967.118446,0.056887,-967.175333,false
26163868,SushiSwapV2,0x397ff1542f962076d0bfe58ea045ffa2d347aca0,30,UniswapV2,0xb4e16d0168e52d35cacd2c6185b44281ec28c9dc,30,11667.469880,4.278202944035821574,10685.944359,-981.525521,0.056887,-981.582408,false
26163868,UniswapV2,0xb4e16d0168e52d35cacd2c6185b44281ec28c9dc,30,SushiSwapV2,0x397ff1542f962076d0bfe58ea045ffa2d347aca0,30,11747.590361,4.664741775145646678,10768.070467,-979.519894,0.056887,-979.576781,false
26163868,SushiSwapV2,0x397ff1542f962076d0bfe58ea045ffa2d347aca0,30,UniswapV2,0xb4e16d0168e52d35cacd2c6185b44281ec28c9dc,30,11747.590361,4.305302081817535535,10753.559793,-994.030568,0.056887,-994.087455,false
26163868,UniswapV2,0xb4e16d0168e52d35cacd2c6185b44281ec28c9dc,30,SushiSwapV2,0x397ff1542f962076d0bfe58ea045ffa2d347aca0,30,11827.710843,4.696519092235354304,10835.717128,-991.993715,0.056887,-992.050602,false
26163868,SushiSwapV2,0x397ff1542f962076d0bfe58ea045ffa2d347aca0,30,UniswapV2,0xb4e16d0168e52d35cacd2c6185b44281ec28c9dc,30,11827.710843,4.332372557187276124,10821.102810,-1006.608033,0.056887,-1006.664920,false
26163868,UniswapV2,0xb4e16d0168e52d35cacd2c6185b44281ec28c9dc,30,SushiSwapV2,0x397ff1542f962076d0bfe58ea045ffa2d347aca0,30,11907.831325,4.728295908874955995,10903.291531,-1004.539794,0.056887,-1004.596681,false
26163868,SushiSwapV2,0x397ff1542f962076d0bfe58ea045ffa2d347aca0,30,UniswapV2,0xb4e16d0168e52d35cacd2c6185b44281ec28c9dc,30,11907.831325,4.359414415257471682,10888.573523,-1019.257802,0.056887,-1019.314689,false
26163868,UniswapV2,0xb4e16d0168e52d35cacd2c6185b44281ec28c9dc,30,SushiSwapV2,0x397ff1542f962076d0bfe58ea045ffa2d347aca0,30,11987.951807,4.760072225076273784,10970.793792,-1017.158015,0.056887,-1017.214902,false
26163868,SushiSwapV2,0x397ff1542f962076d0bfe58ea045ffa2d347aca0,30,UniswapV2,0xb4e16d0168e52d35cacd2c6185b44281ec28c9dc,30,11987.951807,4.386427701382914367,10955.972051,-1031.979756,0.056887,-1032.036643,false
26163868,UniswapV2,0xb4e16d0168e52d35cacd2c6185b44281ec28c9dc,30,SushiSwapV2,0x397ff1542f962076d0bfe58ea045ffa2d347aca0,30,12068.072289,4.791848040851129332,11038.224027,-1029.848262,0.056887,-1029.905149,false
26163868,SushiSwapV2,0x397ff1542f962076d0bfe58ea045ffa2d347aca0,30,UniswapV2,0xb4e16d0168e52d35cacd2c6185b44281ec28c9dc,30,12068.072289,4.413412460822604816,11023.298507,-1044.773782,0.056887,-1044.830669,false
26163868,UniswapV2,0xb4e16d0168e52d35cacd2c6185b44281ec28c9dc,30,SushiSwapV2,0x397ff1542f962076d0bfe58ea045ffa2d347aca0,30,12148.192771,4.823623356211343929,11105.582351,-1042.610420,0.056887,-1042.667307,false
26163868,SushiSwapV2,0x397ff1542f962076d0bfe58ea045ffa2d347aca0,30,UniswapV2,0xb4e16d0168e52d35cacd2c6185b44281ec28c9dc,30,12148.192771,4.440368738740004905,11090.553009,-1057.639762,0.056887,-1057.696649,false
26163868,UniswapV2,0xb4e16d0168e52d35cacd2c6185b44281ec28c9dc,30,SushiSwapV2,0x397ff1542f962076d0bfe58ea045ffa2d347aca0,30,12228.313253,4.855398171168738489,11172.868879,-1055.444374,0.056887,-1055.501261,false
26163868,SushiSwapV2,0x397ff1542f962076d0bfe58ea045ffa2d347aca0,30,UniswapV2,0xb4e16d0168e52d35cacd2c6185b44281ec28c9dc,30,12228.313253,4.467296580203289711,11157.735670,-1070.577583,0.056887,-1070.634470,false
26163868,UniswapV2,0xb4e16d0168e52d35cacd2c6185b44281ec28c9dc,30,SushiSwapV2,0x397ff1542f962076d0bfe58ea045ffa2d347aca0,30,12308.433735,4.887172485735133558,11240.083725,-1068.350010,0.056887,-1068.406897,false
26163868,SushiSwapV2,0x397ff1542f962076d0bfe58ea045ffa2d347aca0,30,UniswapV2,0xb4e16d0168e52d35cacd2c6185b44281ec28c9dc,30,12308.433735,4.494196030185598679,11224.846607,-1083.587128,0.056887,-1083.644015,false
26163868,UniswapV2,0xb4e16d0168e52d35cacd2c6185b44281ec28c9dc,30,SushiSwapV2,0x397ff1542f962076d0bfe58ea045ffa2d347aca0,30,12388.554217,4.918946299922349308,11307.227004,-1081.327213,0.056887,-1081.384100,false
26163868,SushiSwapV2,0x397ff1542f962076d0bfe58ea045ffa2d347aca0,30,UniswapV2,0xb4e16d0168e52d35cacd2c6185b44281ec28c9dc,30,12388.554217,4.521067133565285989,11291.885934,-1096.668283,0.056887,-1096.725170,false
26163868,UniswapV2,0xb4e16d0168e52d35cacd2c6185b44281ec28c9dc,30,SushiSwapV2,0x397ff1542f962076d0bfe58ea045ffa2d347aca0,30,12468.674699,4.950719613742205537,11374.298830,-1094.375869,0.056887,-1094.432756,false
26163868,SushiSwapV2,0x397ff1542f962076d0bfe58ea045ffa2d347aca0,30,UniswapV2,0xb4e16d0168e52d35cacd2c6185b44281ec28c9dc,30,12468.674699,4.547909935126170140,11358.853766,-1109.820933,0.056887,-1109.877820,false
26163868,UniswapV2,0xb4e16d0168e52d35cacd2c6185b44281ec28c9dc,30,SushiSwapV2,0x397ff1542f962076d0bfe58ea045ffa2d347aca0,30,12548.795181,4.982492427206521673,11441.299318,-1107.495863,0.056887,-1107.552750,false
26163868,SushiSwapV2,0x397ff1542f962076d0bfe58ea045ffa2d347aca0,30,UniswapV2,0xb4e16d0168e52d35cacd2c6185b44281ec28c9dc,30,12548.795181,4.574724479557782741,11425.750216,-1123.044965,0.056887,-1123.101852,false
26163868,UniswapV2,0xb4e16d0168e52d35cacd2c6185b44281ec28c9dc,30,SushiSwapV2,0x397ff1542f962076d0bfe58ea045ffa2d347aca0,30,12628.915663,5.014264740327116771,11508.228581,-1120.687082,0.056887,-1120.743969,false
26163868,SushiSwapV2,0x397ff1542f962076d0bfe58ea045ffa2d347aca0,30,UniswapV2,0xb4e16d0168e52d35cacd2c6185b44281ec28c9dc,30,12628.915663,4.601510811455616516,11492.575400,-1136.340263,0.056887,-1136.397150,false
26163868,UniswapV2,0xb4e16d0168e52d35cacd2c6185b44281ec28c9dc,30,SushiSwapV2,0x397ff1542f962076d0bfe58ea045ffa2d347aca0,30,12709.036145,5.046036553115809514,11575.086732,-1133.949413,0.056887,-1134.006300,false
26163868,SushiSwapV2,0x397ff1542f962076d0bfe58ea045ffa2d347aca0,30,UniswapV2,0xb4e16d0168e52d35cacd2c6185b44281ec28c9dc,30,12709.036145,4.628268975321372530,11559.329430,-1149.706715,0.056887,-1149.763602,false
26163868,UniswapV2,0xb4e16d0168e52d35cacd2c6185b44281ec28c9dc,30,SushiSwapV2,0x397ff1542f962076d0bfe58ea045ffa2d347aca0,30,12789.156627,5.077807865584418212,11641.873885,-1147.282742,0.056887,-1147.339629,false
26163868,SushiSwapV2,0x397ff1542f962076d0bfe58ea045ffa2d347aca0,30,UniswapV2,0xb4e16d0168e52d35cacd2c6185b44281ec28c9dc,30,12789.156627,4.654999015563206629,11626.012420,-1163.144207,0.056887,-1163.201094,false
26163868,UniswapV2,0xb4e16d0168e52d35cacd2c6185b44281ec28c9dc,30,SushiSwapV2,0x397ff1542f962076d0bfe58ea045ffa2d347aca0,30,12869.277108,5.109578677348225970,11708.590152,-1160.686956,0.056887,-1160.743843,false
26163868,SushiSwapV2,0x397ff1542f962076d0bfe58ea045ffa2d347aca0,30,UniswapV2,0xb4e16d0168e52d35cacd2c6185b44281ec28c9dc,30,12869.277108,4.681700976162877568,11692.624484,-1176.652624,0.056887,-1176.709511,false
26163868,UniswapV2,0xb4e16d0168e52d35cacd2c6185b44281ec28c9dc,30,SushiSwapV2,0x397ff1542f962076d0bfe58ea045ffa2d347aca0,30,12949.397590,5.141348989212126265,11775.235647,-1174.161943,0.056887,-1174.218830,false
26163868,SushiSwapV2,0x397ff1542f962076d0bfe58ea045ffa2d347aca0,30,UniswapV2,0xb4e16d0168e52d35cacd2c6185b44281ec28c9dc,30,12949.397590,4.708374902008731723,11759.165735,-1190.231855,0.056887,-1190.288742,false
26163868,UniswapV2,0xb4e16d0168e52d35cacd2c6185b44281ec28c9dc,30,SushiSwapV2,0x397ff1542f962076d0bfe58ea045ffa2d347aca0,30,13029.518072,5.173118800791395214,11841.810483,-1187.707589,0.056887,-1187.764476,false
26163868,SushiSwapV2,0x397ff1542f962076d0bfe58ea045ffa2d347aca0,30,UniswapV2,0xb4e16d0168e52d35cacd2c6185b44281ec28c9dc,30,13029.518072,4.735020836896312478,11825.636285,-1203.881787,0.056887,-1203.938674,false
26163868,UniswapV2,0xb4e16d0168e52d35cacd2c6185b44281ec28c9dc,30,SushiSwapV2,0x397ff1542f962076d0bfe58ea045ffa2d347aca0,30,13109.638554,5.204888112097849638,11908.314771,-1201.323783,0.056887,-1201.380670,false
26163868,SushiSwapV2,0x397ff1542f962076d0bfe58ea045ffa2d347aca0,30,UniswapV2,0xb4e16d0168e52d35cacd2c6185b44281ec28c9dc,30,13109.638554,4.761638824862043774,11892.036248,-1217.602306,0.056887,-1217.659193,false
26163868,UniswapV2,0xb4e16d0168e52d35cacd2c6185b44281ec28c9dc,30,SushiSwapV2,0x397ff1542f962076d0bfe58ea045ffa2d347aca0,30,13189.759036,5.236656923143305986,11974.748624,-1215.010412,0.056887,-1215.067299,false
26163868,SushiSwapV2,0x397ff1542f962076d0bfe58ea045ffa2d347aca0,30,UniswapV2,0xb4e16d0168e52d35cacd2c6185b44281ec28c9dc,30,13189.759036,4.788228909850024967,11958.365736,-1231.393300,0.056887,-1231.450187,false
26163868,UniswapV2,0xb4e16d0168e52d35cacd2c6185b44281ec28c9dc,30,SushiSwapV2,0x397ff1542f962076d0bfe58ea045ffa2d347aca0,30,13269.879518,5.268425233939580337,12041.112153,-1228.767365,0.056887,-1228.824252,false
26163868,SushiSwapV2,0x397ff1542f962076d0bfe58ea045ffa2d347aca0,30,UniswapV2,0xb4e16d0168e52d35cacd2c6185b44281ec28c9dc,30,13269.879518,4.814791135712272655,12024.624860,-1245.254658,0.056887,-1245.311545,false
26163868,UniswapV2,0xb4e16d0168e52d35cacd2c6185b44281ec28c9dc,30,SushiSwapV2,0x397ff1542f962076d0bfe58ea045ffa2d347aca0,30,13350.000000,5.300193044498488396,12107.405470,-1242.594530,0.056887,-1242.651417,false
26163868,SushiSwapV2,0x397ff1542f962076d0bfe58ea045ffa2d347aca0,30,UniswapV2,0xb4e16d0168e52d35cacd2c6185b44281ec28c9dc,30,13350.000000,4.841325546208961744,12090.813733,-1259.186267,0.056887,-1259.243154,false
26163868,UniswapV2,0xb4e16d0168e52d35cacd2c6185b44281ec28c9dc,30,SushiSwapV2,0x397ff1542f962076d0bfe58ea045ffa2d347aca0,30,13430.120482,5.331960354831845495,12173.628687,-1256.491795,0.056887,-1256.548682,false
26163868,SushiSwapV2,0x397ff1542f962076d0bfe58ea045ffa2d347aca0,30,UniswapV2,0xb4e16d0168e52d35cacd2c6185b44281ec28c9dc,30,13430.120482,4.867832185008665760,12156.932467,-1273.188015,0.056887,-1273.244902,false
26163868,UniswapV2,0xb4e16d0168e52d35cacd2c6185b44281ec28c9dc,30,SushiSwapV2,0x397ff1542f962076d0bfe58ea045ffa2d347aca0,30,13510.240964,5.363727164951466597,12239.781914,-1270.459050,0.056887,-1270.515937,false
26163868,SushiSwapV2,0x397ff1542f962076d0bfe58ea045ffa2d347aca0,30,UniswapV2,0xb4e16d0168e52d35cacd2c6185b44281ec28c9dc,30,13510.240964,4.894311095688596404,12222.981172,-1287.259792,0.056887,-1287.316679,false
26163868,UniswapV2,0xb4e16d0168e52d35cacd2c6185b44281ec28c9dc,30,SushiSwapV2,0x397ff1542f962076d0bfe58ea045ffa2d347aca0,30,13590.361446,5.395493474869166289,12305.865262,-1284.496184,0.056887,-1284.553071,false
26163868,SushiSwapV2,0x397ff1542f962076d0bfe58ea045ffa2d347aca0,30,UniswapV2,0xb4e16d0168e52d35cacd2c6185b44281ec28c9dc,30,13590.361446,4.920762321734842358,12288.959961,-1301.401485,0.056887,-1301.458372,false
26163868,UniswapV2,0xb4e16d0168e52d35cacd2c6185b44281ec28c9dc,30,SushiSwapV2,0x397ff1542f962076d0bfe58ea045ffa2d347aca0,30,13670.481928,5.427259284596758790,12371.878843,-1298.603085,0.056887,-1298.659972,false
26163868,SushiSwapV2,0x397ff1542f962076d0bfe58ea045ffa2d347aca0,30,UniswapV2,0xb4e16d0168e52d35cacd2c6185b44281ec28c9dc,30,13670.481928,4.947185906542607342,12354.868943,-1315.612985,0.056887,-1315.669872,false
26163868,UniswapV2,0xb4e16d0168e52d35cacd2c6185b44281ec28c9dc,30,SushiSwapV2,0x397ff1542f962076d0bfe58ea045ffa2d347aca0,30,13750.602410,5.459024594146057944,12437.822766,-1312.779644,0.056887,-1312.836531,false
26163868,SushiSwapV2,0x397ff1542f962076d0bfe58ea045ffa2d347aca0,30,UniswapV2,0xb4e16d0168e52d35cacd2c6185b44281ec28c9dc,30,13750.602410,4.973581893416447422,12420.708230,-1329.894180,0.056887,-1329.951067,false
26163868,UniswapV2,0xb4e16d0168e52d35cacd2c6185b44281ec28c9dc,30,SushiSwapV2,0x397ff1542f962076d0bfe58ea045ffa2d347aca0,30,13830.722892,5.490789403528877224,12503.697141,-1327.025751,0.056887,-1327.082638,false
26163868,SushiSwapV2,0x397ff1542f962076d0bfe58ea045ffa2d347aca0,30,UniswapV2,0xb4e16d0168e52d35cacd2c6185b44281ec28c9dc,30,13830.722892,4.999950325570507581,12486.477932,-1344.244960,0.056887,-1344.301847,false
26163868,UniswapV2,0xb4e16d0168e52d35cacd2c6185b44281ec28c9dc,30,SushiSwapV2,0x397ff1542f962076d0bfe58ea045ffa2d347aca0,30,13910.843373,5.522553712360576060,12569.502079,-1341.341294,0.056887,-1341.398181,false
26163868,SushiSwapV2,0x397ff1542f962076d0bfe58ea045ffa2d347aca0,30,UniswapV2,0xb4e16d0168e52d35cacd2c6185b44281ec28c9dc,30,13910.843373,5.026291245800162676,12552.178159,-1358.665214,0.056887,-1358.722101,false
26163868,UniswapV2,0xb4e16d0168e52d35cacd2c6185b44281ec28c9dc,30,SushiSwapV2,0x397ff1542f962076d0bfe58ea045ffa2d347aca0,30,13990.963855,5.554317521445880765,12635.237690,-1355.726165,0.056887,-1355.783052,false
26163868,SushiSwapV2,0x397ff1542f962076d0bfe58ea045ffa2d347aca0,30,UniswapV2,0xb4e16d0168e52d35cacd2c6185b44281ec28c9dc,30,13990.963855,5.052604697796974567,12617.809022,-1373.154833,0.056887,-1373.211720,false
26163868,UniswapV2,0xb4e16d0168e52d35cacd2c6185b44281ec28c9dc,30,SushiSwapV2,0x397ff1542f962076d0bfe58ea045ffa2d347aca0,30,14071.084337,5.586080830400143782,12700.904082,-1370.180255,0.056887,-1370.237142,false
26163868,SushiSwapV2,0x397ff1542f962076d0bfe58ea045ffa2d347aca0,30,UniswapV2,0xb4e16d0168e52d35cacd2c6185b44281ec28c9dc,30,14071.084337,5.078890724176329018,12683.370630,-1387.713707,0.056887,-1387.770594,false
26163868,UniswapV2,0xb4e16d0168e52d35cacd2c6185b44281ec28c9dc,30,SushiSwapV2,0x397ff1542f962076d0bfe58ea045ffa2d347aca0,30,14151.204819,5.617843639235177097,12766.501366,-1384.703453,0.056887,-1384.760340,false
26163868,SushiSwapV2,0x397ff1542f962076d0bfe58ea045ffa2d347aca0,30,UniswapV2,0xb4e16d0168e52d35cacd2c6185b44281ec28c9dc,30,14151.204819,5.105149367793077577,12748.863093,-1402.341726,0.056887,-1402.398613,false
26163868,UniswapV2,0xb4e16d0168e52d35cacd2c6185b44281ec28c9dc,30,SushiSwapV2,0x397ff1542f962076d0bfe58ea045ffa2d347aca0,30,14231.325301,5.649605947962792322,12832.029650,-1399.295651,0.056887,-1399.352538,false
26163868,SushiSwapV2,0x397ff1542f962076d0bfe58ea045ffa2d347aca0,30,UniswapV2,0xb4e16d0168e52d35cacd2c6185b44281ec28c9dc,30,14231.325301,5.131380671412832487,12814.286520,-1417.038781,0.056887,-1417.095668,false
26163868,UniswapV2,0xb4e16d0168e52d35cacd2c6185b44281ec28c9dc,30,SushiSwapV2,0x397ff1542f962076d0bfe58ea045ffa2d347aca0,30,14311.445783,5.681367756594800699,12897.489043,-1413.956740,0.056887,-1414.013627,false
26163868,SushiSwapV2,0x397ff1542f962076d0bfe58ea045ffa2d347aca0,30,UniswapV2,0xb4e16d0168e52d35cacd2c6185b44281ec28c9dc,30,14311.445783,5.157584677712198856,12879.641021,-1431.804762,0.056887,-1431.861649,false
26163868,UniswapV2,0xb4e16d0168e52d35cacd2c6185b44281ec28c9dc,30,SushiSwapV2,0x397ff1542f962076d0bfe58ea045ffa2d347aca0,30,14391.566265,5.713129065143013096,12962.879654,-1428.686611,0.056887,-1428.743498,false
26163868,SushiSwapV2,0x397ff1542f962076d0bfe58ea045ffa2d347aca0,30,UniswapV2,0xb4e16d0168e52d35cacd2c6185b44281ec28c9dc,30,14391.566265,5.183761429279006096,12944.926703,-1446.639562,0.056887,-1446.696449,false
26163868,UniswapV2,0xb4e16d0168e52d35cacd2c6185b44281ec28c9dc,30,SushiSwapV2,0x397ff1542f962076d0bfe58ea045ffa2d347aca0,30,14471.686747,5.744889873619240012,13028.201591,-1443.485156,0.056887,-1443.542043,false
26163868,SushiSwapV2,0x397ff1542f962076d0bfe58ea045ffa2d347aca0,30,UniswapV2,0xb4e16d0168e52d35cacd2c6185b44281ec28c9dc,30,14471.686747,5.209910968612538638,13010.143676,-1461.543071,0.056887,-1461.599958,false
26163868,UniswapV2,0xb4e16d0168e52d35cacd2c6185b44281ec28c9dc,30,SushiSwapV2,0x397ff1542f962076d0bfe58ea045ffa2d347aca0,30,14551.807229,5.776650182035291570,13093.454961,-1458.352268,0.056887,-1458.409155,false
26163868,SushiSwapV2,0x397ff1542f962076d0bfe58ea045ffa2d347aca0,30,UniswapV2,0xb4e16d0168e52d35cacd2c6185b44281ec28c9dc,30,14551.807229,5.236033338123765936,13075.292049,-1476.515180,0.056887,-1476.572067,false
26163868,UniswapV2,0xb4e16d0168e52d35cacd2c6185b44281ec28c9dc,30,SushiSwapV2,0x397ff1542f962076d0bfe58ea045ffa2d347aca0,30,14631.927711,5.808409990402977525,13158.639874,-1473.287837,0.056887,-1473.344724,false
26163868,SushiSwapV2,0x397ff1542f962076d0bfe58ea045ffa2d347aca0,30,UniswapV2,0xb4e16d0168e52d35cacd2c6185b44281ec28c9dc,30,14631.927711,5.262128580135571748,13140.371929,-1491.555782,0.056887,-1491.612669,false
26163868,UniswapV2,0xb4e16d0168e52d35cacd2c6185b44281ec28c9dc,30,SushiSwapV2,0x397ff1542f962076d0bfe58ea045ffa2d347aca0,30,14712.048193,5.840169298734107258,13223.756436,-1488.291757,0.056887,-1488.348644,false
26163868,SushiSwapV2,0x397ff1542f962076d0bfe58ea045ffa2d347aca0,30,UniswapV2,0xb4e16d0168e52d35cacd2c6185b44281ec28c9dc,30,14712.048193,5.288196736882982706,13205.383424,-1506.664769,0.056887,-1506.721656,false
26163868,UniswapV2,0xb4e16d0168e52d35cacd2c6185b44281ec28c9dc,30,SushiSwapV2,0x397ff1542f962076d0bfe58ea045ffa2d347aca0,30,14792.168675,5.871928107040489778,13288.804756,-1503.363919,0.056887,-1503.420806,false
26163868,SushiSwapV2,0x397ff1542f962076d0bfe58ea045ffa2d347aca0,30,UniswapV2,0xb4e16d0168e52d35cacd2c6185b44281ec28c9dc,30,14792.168675,5.314237850513396169,13270.326642,-1521.842033,0.056887,-1521.898920,false
26163868,UniswapV2,0xb4e16d0168e52d35cacd2c6185b44281ec28c9dc,30,SushiSwapV2,0x397ff1542f962076d0bfe58ea045ffa2d347aca0,30,14872.289157,5.903686415333933724,13353.784939,-1518.504218,0.056887,-1518.561105,false
26163868,SushiSwapV2,0x397ff1542f962076d0bfe58ea045ffa2d347aca0,30,UniswapV2,0xb4e16d0168e52d35cacd2c6185b44281ec28c9dc,30,14872.289157,5.340251963086807378,13335.201690,-1537.087467,0.056887,-1537.144354,false
26163868,UniswapV2,0xb4e16d0168e52d35cacd2c6185b44281ec28c9dc,30,SushiSwapV2,0x397ff1542f962076d0bfe58ea045ffa2d347aca0,30,14952.409639,5.935444223626247361,13418.697094,-1533.712545,0.056887,-1533.769432,false
26163868,SushiSwapV2,0x397ff1542f962076d0bfe58ea045ffa2d347aca0,30,UniswapV2,0xb4e16d0168e52d35cacd2c6185b44281ec28c9dc,30,14952.409639,5.366239116576035896,13400.008677,-1552.400962,0.056887,-1552.457849,false
26163868,UniswapV2,0xb4e16d0168e52d35cacd2c6185b44281ec28c9dc,30,SushiSwapV2,0x397ff1542f962076d0bfe58ea045ffa2d347aca0,30,15032.530120,5.967201531532872293,13483.541327,-1548.988793,0.056887,-1549.045680,false
26163868,SushiSwapV2,0x397ff1542f962076d0bfe58ea045ffa2d347aca0,30,UniswapV2,0xb4e16d0168e52d35cacd2c6185b44281ec28c9dc,30,15032.530120,5.392199352543104173,13464.747707,-1567.782413,0.056887,-1567.839300,false
26163868,UniswapV2,0xb4e16d0168e52d35cacd2c6185b44281ec28c9dc,30,SushiSwapV2,0x397ff1542f962076d0bfe58ea045ffa2d347aca0,30,15112.650602,5.998958339858354864,13548.317744,-1564.332858,0.056887,-1564.389745,false
26163868,SushiSwapV2,0x397ff1542f962076d0bfe58ea045ffa2d347aca0,30,UniswapV2,0xb4e16d0168e52d35cacd2c6185b44281ec28c9dc,30,15112.650602,5.418132713435186454,13529.418890,-1583.231712,0.056887,-1583.288599,false
26163868,UniswapV2,0xb4e16d0168e52d35cacd2c6185b44281ec28c9dc,30,SushiSwapV2,0x397ff1542f962076d0bfe58ea045ffa2d347aca0,30,15192.771084,6.030714648218129694,13613.026453,-1579.744631,0.056887,-1579.801518,false
26163868,SushiSwapV2,0x397ff1542f962076d0bfe58ea045ffa2d347aca0,30,UniswapV2,0xb4e16d0168e52d35cacd2c6185b44281ec28c9dc,30,15192.771084,5.444039240640744028,13594.022331,-1598.748753,0.056887,-1598.805640,false
26163868,UniswapV2,0xb4e16d0168e52d35cacd2c6185b44281ec28c9dc,30,SushiSwapV2,0x397ff1542f962076d0bfe58ea045ffa2d347aca0,30,15272.891566,6.062470456624003561,13677.667559,-1595.224007,0.056887,-1595.280894,false
26163868,SushiSwapV2,0x397ff1542f962076d0bfe58ea045ffa2d347aca0,30,UniswapV2,0xb4e16d0168e52d35cacd2c6185b44281ec28c9dc,30,15272.891566,5.469918975786144137,13658.558137,-1614.333429,0.056887,-1614.390316,false
26163868,UniswapV2,0xb4e16d0168e52d35cacd2c6185b44281ec28c9dc,30,SushiSwapV2,0x397ff1542f962076d0bfe58ea045ffa2d347aca0,30,15353.012048,6.094225765087782873,13742.241168,-1610.770880,0.056887,-1610.827767,false
26163868,SushiSwapV2,0x397ff1542f962076d0bfe58ea045ffa2d347aca0,30,UniswapV2,0xb4e16d0168e52d35cacd2c6185b44281ec28c9dc,30,15353.012048,5.495771960411700055,13723.026414,-1629.985634,0.056887,-1630.042521,false
26163868,UniswapV2,0xb4e16d0168e52d35cacd2c6185b44281ec28c9dc,30,SushiSwapV2,0x397ff1542f962076d0bfe58ea045ffa2d347aca0,30,15433.132530,6.125980573621273664,13806.747385,-1626.385145,0.056887,-1626.442032,false
26163868,SushiSwapV2,0x397ff1542f962076d0bfe58ea045ffa2d347aca0,30,UniswapV2,0xb4e16d0168e52d35cacd2c6185b44281ec28c9dc,30,15433.132530,5.521598235971893344,13787.427268,-1645.705262,0.056887,-1645.762149,false
26163868,UniswapV2,0xb4e16d0168e52d35cacd2c6185b44281ec28c9dc,30,SushiSwapV2,0x397ff1542f962076d0bfe58ea045ffa2d347aca0,30,15513.253012,6.157734882236281598,13871.186317,-1642.066695,0.056887,-1642.123582,false
26163868,SushiSwapV2,0x397ff1542f962076d0bfe58ea045ffa2d347aca0,30,UniswapV2,0xb4e16d0168e52d35cacd2c6185b44281ec28c9dc,30,15513.253012,5.547397843835595428,13851.760804,-1661.492208,0.056887,-1661.549095,false
26163868,UniswapV2,0xb4e16d0168e52d35cacd2c6185b44281ec28c9dc,30,SushiSwapV2,0x397ff1542f962076d0bfe58ea045ffa2d347aca0,30,15593.373494,6.189488690944611968,13935.558068,-1657.815426,0.056887,-1657.872313,false
26163868,SushiSwapV2,0x397ff1542f962076d0bfe58ea045ffa2d347aca0,30,UniswapV2,0xb4e16d0168e52d35cacd2c6185b44281ec28c9dc,30,15593.373494,5.573170825286288473,13916.027127,-1677.346367,0.056887,-1677.403254,false
26163868,UniswapV2,0xb4e16d0168e52d35cacd2c6185b44281ec28c9dc,30,SushiSwapV2,0x397ff1542f962076d0bfe58ea045ffa2d347aca0,30,15673.493976,6.221241999758069692,13999.862743,-1673.631233,0.056887,-1673.688120,false
26163868,SushiSwapV2,0x397ff1542f962076d0bfe58ea045ffa2d347aca0,30,UniswapV2,0xb4e16d0168e52d35cacd2c6185b44281ec28c9dc,30,15673.493976,5.598917221522285591,13980.226345,-1693.267631,0.056887,-1693.324518,false
26163868,UniswapV2,0xb4e16d0168e52d35cacd2c6185b44281ec28c9dc,30,SushiSwapV2,0x397ff1542f962076d0bfe58ea045ffa2d347aca0,30,15753.614458,6.252994808688459321,14064.100447,-1689.514011,0.056887,-1689.570898,false
26163868,SushiSwapV2,0x397ff1542f962076d0bfe58ea045ffa2d347aca0,30,UniswapV2,0xb4e16d0168e52d35cacd2c6185b44281ec28c9dc,30,15753.614458,5.624637073656950360,14044.358560,-1709.255898,0.056887,-1709.312785,false
26163868,UniswapV2,0xb4e16d0168e52d35cacd2c6185b44281ec28c9dc,30,SushiSwapV2,0x397ff1542f962076d0bfe58ea045ffa2d347aca0,30,15833.734940,6.284747117747585030,14128.271285,-1705.463655,0.056887,-1705.520542,false
26163868,SushiSwapV2,0x397ff1542f962076d0bfe58ea045ffa2d347aca0,30,UniswapV2,0xb4e16d0168e52d35cacd2c6185b44281ec28c9dc,30,15833.734940,5.650330422718915662,14108.423879,-1725.311061,0.056887,-1725.367948,false
26163868,UniswapV2,0xb4e16d0168e52d35cacd2c6185b44281ec28c9dc,30,SushiSwapV2,0x397ff1542f962076d0bfe58ea045ffa2d347aca0,30,15913.855422,6.316498926947250625,14192.375360,-1721.480062,0.056887,-1721.536949,false
26163868,SushiSwapV2,0x397ff1542f962076d0bfe58ea045ffa2d347aca0,30,UniswapV2,0xb4e16d0168e52d35cacd2c6185b44281ec28c9dc,30,15913.855422,5.675997309652301851,14172.422405,-1741.433017,0.056887,-1741.489904,false
26163868,UniswapV2,0xb4e16d0168e52d35cacd2c6185b44281ec28c9dc,30,SushiSwapV2,0x397ff1542f962076d0bfe58ea045ffa2d347aca0,30,15993.975904,6.348250236299259540,14256.412778,-1737.563126,0.056887,-1737.620013,false
26163868,SushiSwapV2,0x397ff1542f962076d0bfe58ea045ffa2d347aca0,30,UniswapV2,0xb4e16d0168e52d35cacd2c6185b44281ec28c9dc,30,15993.975904,5.701637775316934241,14236.354244,-1757.621660,0.056887,-1757.678547,false
26163868,UniswapV2,0xb4e16d0168e52d35cacd2c6185b44281ec28c9dc,30,SushiSwapV2,0x397ff1542f962076d0bfe58ea045ffa2d347aca0,30,16074.096386,6.380001045815414836,14320.383642,-1753.712744,0.056887,-1753.769631,false
26163868,SushiSwapV2,0x397ff1542f962076d0bfe58ea045ffa2d347aca0,30,UniswapV2,0xb4e16d0168e52d35cacd2c6185b44281ec28c9dc,30,16074.096386,5.727251860488559929,14300.219499,-1773.876887,0.056887,-1773.933774,false
26163868,UniswapV2,0xb4e16d0168e52d35cacd2c6185b44281ec28c9dc,30,SushiSwapV2,0x397ff1542f962076d0bfe58ea045ffa2d347aca0,30,16154.216867,6.411751355111240262,14384.288055,-1769.928812,0.056887,-1769.985699,false
26163868,SushiSwapV2,0x397ff1542f962076d0bfe58ea045ffa2d347aca0,30,UniswapV2,0xb4e16d0168e52d35cacd2c6185b44281ec28c9dc,30,16154.216867,5.752839605539862308,14364.018273,-1790.198594,0.056887,-1790.255481,false
26163868,UniswapV2,0xb4e16d0168e52d35cacd2c6185b44281ec28c9dc,30,SushiSwapV2,0x397ff1542f962076d0bfe58ea045ffa2d347aca0,30,16234.337349,6.443501164991102258,14448.126122,-1786.211227,0.056887,-1786.268114,false
26163868,SushiSwapV2,0x397ff1542f962076d0bfe58ea045ffa2d347aca0,30,UniswapV2,0xb4e16d0168e52d35cacd2c6185b44281ec28c9dc,30,16234.337349,5.778401051717811090,14427.750672,-1806.586677,0.056887,-1806.643564,false
26163868,UniswapV2,0xb4e16d0168e52d35cacd2c6185b44281ec28c9dc,30,SushiSwapV2,0x397ff1542f962076d0bfe58ea045ffa2d347aca0,30,16314.457831,6.475250475070517591,14511.897946,-1802.559885,0.056887,-1802.616772,false
26163868,SushiSwapV2,0x397ff1542f962076d0bfe58ea045ffa2d347aca0,30,UniswapV2,0xb4e16d0168e52d35cacd2c6185b44281ec28c9dc,30,16314.457831,5.803936239227682824,14491.416799,-1823.041032,0.056887,-1823.097919,false
26163868,UniswapV2,0xb4e16d0168e52d35cacd2c6185b44281ec28c9dc,30,SushiSwapV2,0x397ff1542f962076d0bfe58ea045ffa2d347aca0,30,16394.578313,6.506999285361287837,14575.603629,-1818.974684,0.056887,-1819.031571,false
26163868,SushiSwapV2,0x397ff1542f962076d0bfe58ea045ffa2d347aca0,30,UniswapV2,0xb4e16d0168e52d35cacd2c6185b44281ec28c9dc,30,16394.578313,5.829445208511066591,14555.016757,-1839.561556,0.056887,-1839.618443,false
26163868,UniswapV2,0xb4e16d0168e52d35cacd2c6185b44281ec28c9dc,30,SushiSwapV2,0x397ff1542f962076d0bfe58ea045ffa2d347aca0,30,16474.698795,6.538747595875214200,14639.243274,-1835.455521,0.056887,-1835.512408,false
26163868,SushiSwapV2,0x397ff1542f962076d0bfe58ea045ffa2d347aca0,30,UniswapV2,0xb4e16d0168e52d35cacd2c6185b44281ec28c9dc,30,16474.698795,5.854927999926547367,14618.550649,-1856.148146,0.056887,-1856.205033,false
26163868,UniswapV2,0xb4e16d0168e52d35cacd2c6185b44281ec28c9dc,30,SushiSwapV2,0x397ff1542f962076d0bfe58ea045ffa2d347aca0,30,16554.819277,6.570495406624097512,14702.816985,-1852.002292,0.056887,-1852.059179,false
26163868,SushiSwapV2,0x397ff1542f962076d0bfe58ea045ffa2d347aca0,30,UniswapV2,0xb4e16d0168e52d35cacd2c6185b44281ec28c9dc,30,16554.819277,5.880384653749918866,14682.018577,-1872.800700,0.056887,-1872.857587,false
26163868,UniswapV2,0xb4e16d0168e52d35cacd2c6185b44281ec28c9dc,30,SushiSwapV2,0x397ff1542f962076d0bfe58ea045ffa2d347aca0,30,16634.939759,6.602242717619738235,14766.324862,-1868.614897,0.056887,-1868.671784,false
26163868,SushiSwapV2,0x397ff1542f962076d0bfe58ea045ffa2d347aca0,30,UniswapV2,0xb4e16d0168e52d35cacd2c6185b44281ec28c9dc,30,16634.939759,5.905815210174395728,14745.420645,-1889.519114,0.056887,-1889.576001,false
26163868,UniswapV2,0xb4e16d0168e52d35cacd2c6185b44281ec28c9dc,30,SushiSwapV2,0x397ff1542f962076d0bfe58ea045ffa2d347aca0,30,16715.060241,6.633989528873936457,14829.767010,-1885.293231,0.056887,-1885.350118,false
26163868,SushiSwapV2,0x397ff1542f962076d0bfe58ea045ffa2d347aca0,30,UniswapV2,0xb4e16d0168e52d35cacd2c6185b44281ec28c9dc,30,16715.060241,5.931219709310825054,14808.756956,-1906.303285,0.056887,-1906.360172,false
26163868,UniswapV2,0xb4e16d0168e52d35cacd2c6185b44281ec28c9dc,30,SushiSwapV2,0x397ff1542f962076d0bfe58ea045ffa2d347aca0,30,16795.180723,6.665735840398491897,14893.143529,-1902.037194,0.056887,-1902.094081,false
26163868,SushiSwapV2,0x397ff1542f962076d0bfe58ea045ffa2d347aca0,30,UniswapV2,0xb4e16d0168e52d35cacd2c6185b44281ec28c9dc,30,16795.180723,5.956598191187897291,14872.027610,-1923.153113,0.056887,-1923.210000,false
26163868,UniswapV2,0xb4e16d0168e52d35cacd2c6185b44281ec28c9dc,30,SushiSwapV2,0x397ff1542f962076d0bfe58ea045ffa2d347aca0,30,16875.301205,6.697481652205203902,14956.454522,-1918.846683,0.056887,-1918.903570,false
26163868,SushiSwapV2,0x397ff1542f962076d0bfe58ea045ffa2d347aca0,30,UniswapV2,0xb4e16d0168e52d35cacd2c6185b44281ec28c9dc,30,16875.301205,5.981950695752356472,14935.232711,-1940.068494,0.056887,-1940.125381,false
26163868,UniswapV2,0xb4e16d0168e52d35cacd2c6185b44281ec28c9dc,30,SushiSwapV2,0x397ff1542f962076d0bfe58ea045ffa2d347aca0,30,16955.421687,6.729226964305871445,15019.700089,-1935.721598,0.056887,-1935.778485,false
26163868,SushiSwapV2,0x397ff1542f962076d0bfe58ea045ffa2d347aca0,30,UniswapV2,0xb4e16d0168e52d35cacd2c6185b44281ec28c9dc,30,16955.421687,6.007277262869209808,14998.372360,-1957.049327,0.056887,-1957.106214,false
26163868,UniswapV2,0xb4e16d0168e52d35cacd2c6185b44281ec28c9dc,30,SushiSwapV2,0x397ff1542f962076d0bfe58ea045ffa2d347aca0,30,17035.542169,6.760971776712293131,15082.880333,-1952.661836,0.056887,-1952.718723,false
26163868,SushiSwapV2,0x397ff1542f962076d0bfe58ea045ffa2d347aca0,30,UniswapV2,0xb4e16d0168e52d35cacd2c6185b44281ec28c9dc,30,17035.542169,6.032577932321936636,15061.446658,-1974.095511,0.056887,-1974.152398,false
26163868,UniswapV2,0xb4e16d0168e52d35cacd2c6185b44281ec28c9dc,30,SushiSwapV2,0x397ff1542f962076d0bfe58ea045ffa2d347aca0,30,17115.662651,6.792716089436267193,15145.995355,-1969.667296,0.056887,-1969.724183,false
26163868,SushiSwapV2,0x397ff1542f962076d0bfe58ea045ffa2d347aca0,30,UniswapV2,0xb4e16d0168e52d35cacd2c6185b44281ec28c9dc,30,17115.662651,6.057852743812696731,15124.455708,-1991.206943,0.056887,-1991.263830,false
26163868,UniswapV2,0xb4e16d0168e52d35cacd2c6185b44281ec28c9dc,30,SushiSwapV2,0x397ff1542f962076d0bfe58ea045ffa2d347aca0,30,17195.783133,6.824459902489591490,15209.045255,-1986.737878,0.056887,-1986.794765,false
26163868,SushiSwapV2,0x397ff1542f962076d0bfe58ea045ffa2d347aca0,30,UniswapV2,0xb4e16d0168e52d35cacd2c6185b44281ec28c9dc,30,17195.783133,6.083101736962537975,15187.399610,-2008.383523,0.056887,-2008.440410,false
26163868,UniswapV2,0xb4e16d0168e52d35cacd2c6185b44281ec28c9dc,30,SushiSwapV2,0x397ff1542f962076d0bfe58ea045ffa2d347aca0,30,17275.903614,6.856203215487871891,15272.030133,-2003.873481,0.056887,-2003.930368,false
26163868,SushiSwapV2,0x397ff1542f962076d0bfe58ea045ffa2d347aca0,30,UniswapV2,0xb4e16d0168e52d35cacd2c6185b44281ec28c9dc,30,17275.903614,6.108324950996948045,15250.278465,-2025.625149,0.056887,-2025.682036,false
26163868,UniswapV2,0xb4e16d0168e52d35cacd2c6185b44281ec28c9dc,30,SushiSwapV2,0x397ff1542f962076d0bfe58ea045ffa2d347aca0,30,17356.024096,6.887946029235294992,15334.950092,-2021.074004,0.056887,-2021.130891,false
26163868,SushiSwapV2,0x397ff1542f962076d0bfe58ea045ffa2d347aca0,30,UniswapV2,0xb4e16d0168e52d35cacd2c6185b44281ec28c9dc,30,17356.024096,6.133522426005003215,15313.092375,-2042.931721,0.056887,-2042.988608,false
26163868,UniswapV2,0xb4e16d0168e52d35cacd2c6185b44281ec28c9dc,30,SushiSwapV2,0x397ff1542f962076d0bfe58ea045ffa2d347aca0,30,17436.144578,6.919688343347459682,15397.805231,-2038.339347,0.056887,-2038.396234,false
26163868,SushiSwapV2,0x397ff1542f962076d0bfe58ea045ffa2d347aca0,30,UniswapV2,0xb4e16d0168e52d35cacd2c6185b44281ec28c9dc,30,17436.144578,6.158694201050678515,15375.841439,-2060.303139,0.056887,-2060.360026,false
26163868,UniswapV2,0xb4e16d0168e52d35cacd2c6185b44281ec28c9dc,30,SushiSwapV2,0x397ff1542f962076d0bfe58ea045ffa2d347aca0,30,17516.265060,6.951430157836162337,15460.595650,-2055.669410,0.056887,-2055.726297,false
26163868,SushiSwapV2,0x397ff1542f962076d0bfe58ea045ffa2d347aca0,30,UniswapV2,0xb4e16d0168e52d35cacd2c6185b44281ec28c9dc,30,17516.265060,6.183840315432638278,15438.525758,-2077.739302,0.056887,-2077.796189,false
26163868,UniswapV2,0xb4e16d0168e52d35cacd2c6185b44281ec28c9dc,30,SushiSwapV2,0x397ff1542f962076d0bfe58ea045ffa2d347aca0,30,17596.385542,6.983171472713198959,15523.321449,-2073.064093,0.056887,-2073.120980,false
26163868,SushiSwapV2,0x397ff1542f962076d0bfe58ea045ffa2d347aca0,30,UniswapV2,0xb4e16d0168e52d35cacd2c6185b44281ec28c9dc,30,17596.385542,6.208960808369463803,15501.145433,-2095.240109,0.056887,-2095.296996,false
26163868,UniswapV2,0xb4e16d0168e52d35cacd2c6185b44281ec28c9dc,30,SushiSwapV2,0x397ff1542f962076d0bfe58ea045ffa2d347aca0,30,17676.506024,7.014912287990365183,15585.982728,-2090.523296,0.056887,-2090.580183,false
26163868,SushiSwapV2,0x397ff1542f962076d0bfe58ea045ffa2d347aca0,30,UniswapV2,0xb4e16d0168e52d35cacd2c6185b44281ec28c9dc,30,17676.506024,6.234055718999857243,15563.700563,-2112.805461,0.056887,-2112.862348,false
26163868,UniswapV2,0xb4e16d0168e52d35cacd2c6185b44281ec28c9dc,30,SushiSwapV2,0x397ff1542f962076d0bfe58ea045ffa2d347aca0,30,17756.626506,7.046652603679456268,15648.579586,-2108.046920,0.056887,-2108.103807,false
26163868,SushiSwapV2,0x397ff1542f962076d0bfe58ea045ffa2d347aca0,30,UniswapV2,0xb4e16d0168e52d35cacd2c6185b44281ec28c9dc,30,17756.626506,6.259125086382844871,15626.191247,-2130.435259,0.056887,-2130.492146,false
26163868,UniswapV2,0xb4e16d0168e52d35cacd2c6185b44281ec28c9dc,30,SushiSwapV2,0x397ff1542f962076d0bfe58ea045ffa2d347aca0,30,17836.746988,7.078392419792267105,15711.112123,-2125.634865,0.056887,-2125.691752,false
26163868,SushiSwapV2,0x397ff1542f962076d0bfe58ea045ffa2d347aca0,30,UniswapV2,0xb4e16d0168e52d35cacd2c6185b44281ec28c9dc,30,17836.746988,6.284168949497979722,15688.617586,-2148.129402,0.056887,-2148.186289,false
26163868,UniswapV2,0xb4e16d0168e52d35cacd2c6185b44281ec28c9dc,30,SushiSwapV2,0x397ff1542f962076d0bfe58ea045ffa2d347aca0,30,17916.867470,7.110131736340592213,15773.580437,-2143.287033,0.056887,-2143.343920,false
26163868,SushiSwapV2,0x397ff1542f962076d0bfe58ea045ffa2d347aca0,30,UniswapV2,0xb4e16d0168e52d35cacd2c6185b44281ec28c9dc,30,17916.867470,6.309187347245543625,15750.979679,-2165.887791,0.056887,-2165.944678,false
26163868,UniswapV2,0xb4e16d0168e52d35cacd2c6185b44281ec28c9dc,30,SushiSwapV2,0x397ff1542f962076d0bfe58ea045ffa2d347aca0,30,17996.987952,7.141870553336225739,15835.984628,-2161.003324,0.056887,-2161.060211,false
26163868,SushiSwapV2,0x397ff1542f962076d0bfe58ea045ffa2d347aca0,30,UniswapV2,0xb4e16d0168e52d35cacd2c6185b44281ec28c9dc,30,17996.987952,6.334180318446748611,15813.277625,-2183.710327,0.056887,-2183.767214,false
26163868,UniswapV2,0xb4e16d0168e52d35cacd2c6185b44281ec28c9dc,30,SushiSwapV2,0x397ff1542f962076d0bfe58ea045ffa2d347aca0,30,18077.108434,7.173608870790961458,15898.324795,-2178.783639,0.056887,-2178.840526,false
26163868,SushiSwapV2,0x397ff1542f962076d0bfe58ea045ffa2d347aca0,30,UniswapV2,0xb4e16d0168e52d35cacd2c6185b44281ec28c9dc,30,18077.108434,6.359147901843937711,15875.511522,-2201.596912,0.056887,-2201.653799,false
26163868,UniswapV2,0xb4e16d0168e52d35cacd2c6185b44281ec28c9dc,30,SushiSwapV2,0x397ff1542f962076d0bfe58ea045ffa2d347aca0,30,18157.228916,7.205346688716592776,15960.601034,-2196.627882,0.056887,-2196.684769,false
26163868,SushiSwapV2,0x397ff1542f962076d0bfe58ea045ffa2d347aca0,30,UniswapV2,0xb4e16d0168e52d35cacd2c6185b44281ec28c9dc,30,18157.228916,6.384090136100785142,15937.681470,-2219.547446,0.056887,-2219.604333,false
26163868,UniswapV2,0xb4e16d0168e52d35cacd2c6185b44281ec28c9dc,30,SushiSwapV2,0x397ff1542f962076d0bfe58ea045ffa2d347aca0,30,18237.349398,7.237084007124912726,16022.813446,-2214.535952,0.056887,-2214.592839,false
26163868,SushiSwapV2,0x397ff1542f962076d0bfe58ea045ffa2d347aca0,30,UniswapV2,0xb4e16d0168e52d35cacd2c6185b44281ec28c9dc,30,18237.349398,6.409007059802495883,15999.787567,-2237.561831,0.056887,-2237.618718,false
26163868,UniswapV2,0xb4e16d0168e52d35cacd2c6185b44281ec28c9dc,30,SushiSwapV2,0x397ff1542f962076d0bfe58ea045ffa2d347aca0,30,18317.469880,7.268820826027713970,16084.962128,-2232.507752,0.056887,-2232.564639,false
26163868,SushiSwapV2,0x397ff1542f962076d0bfe58ea045ffa2d347aca0,30,UniswapV2,0xb4e16d0168e52d35cacd2c6185b44281ec28c9dc,30,18317.469880,6.433898711456004643,16061.829912,-2255.639968,0.056887,-2255.696855,false
26163868,UniswapV2,0xb4e16d0168e52d35cacd2c6185b44281ec28c9dc,30,SushiSwapV2,0x397ff1542f962076d0bfe58ea045ffa2d347aca0,30,18397.590361,7.300557145040684473,16147.047177,-2250.543184,0.056887,-2250.600071,false
26163868,SushiSwapV2,0x397ff1542f962076d0bfe58ea045ffa2d347aca0,30,UniswapV2,0xb4e16d0168e52d35cacd2c6185b44281ec28c9dc,30,18397.590361,6.458765129179968729,16123.808601,-2273.781760,0.056887,-2273.838647,false
26163868,UniswapV2,0xb4e16d0168e52d35cacd2c6185b44281ec28c9dc,30,SushiSwapV2,0x397ff1542f962076d0bfe58ea045ffa2d347aca0,30,18477.710843,7.332292964967831043,16209.068692,-2268.642151,0.056887,-2268.699038,false
26163868,SushiSwapV2,0x397ff1542f962076d0bfe58ea045ffa2d347aca0,30,UniswapV2,0xb4e16d0168e52d35cacd2c6185b44281ec28c9dc,30,18477.710843,6.483606351946102026,16185.723734,-2291.987109,0.056887,-2292.043996,false
26163868,UniswapV2,0xb4e16d0168e52d35cacd2c6185b44281ec28c9dc,30,SushiSwapV2,0x397ff1542f962076d0bfe58ea045ffa2d347aca0,30,18557.831325,7.364028285424834667,16271.026771,-2286.804554,0.056887,-2286.861441,false
26163868,SushiSwapV2,0x397ff1542f962076d0bfe58ea045ffa2d347aca0,30,UniswapV2,0xb4e16d0168e52d35cacd2c6185b44281ec28c9dc,30,18557.831325,6.508422417717196007,16247.575408,-2310.255917,0.056887,-2310.312804,false
26163868,UniswapV2,0xb4e16d0168e52d35cacd2c6185b44281ec28c9dc,30,SushiSwapV2,0x397ff1542f962076d0bfe58ea045ffa2d347aca0,30,18637.951807,7.395763106423486524,16332.921510,-2305.030297,0.056887,-2305.087184,false
26163868,SushiSwapV2,0x397ff1542f962076d0bfe58ea045ffa2d347aca0,30,UniswapV2,0xb4e16d0168e52d35cacd2c6185b44281ec28c9dc,30,18637.951807,6.533213364689081927,16309.363721,-2328.588086,0.056887,-2328.644973,false
26163868,UniswapV2,0xb4e16d0168e52d35cacd2c6185b44281ec28c9dc,30,SushiSwapV2,0x397ff1542f962076d0bfe58ea045ffa2d347aca0,30,18718.072289,7.427497427975577419,16394.753006,-2323.319283,0.056887,-2323.376170,false
26163868,SushiSwapV2,0x397ff1542f962076d0bfe58ea045ffa2d347aca0,30,UniswapV2,0xb4e16d0168e52d35cacd2c6185b44281ec28c9dc,30,18718.072289,6.557979230980306584,16371.088770,-2346.983519,0.056887,-2347.040406,false
26163868,UniswapV2,0xb4e16d0168e52d35cacd2c6185b44281ec28c9dc,30,SushiSwapV2,0x397ff1542f962076d0bfe58ea045ffa2d347aca0,30,18798.192771,7.459231250092897788,16456.521357,-2341.671414,0.056887,-2341.728301,false
26163868,SushiSwapV2,0x397ff1542f962076d0bfe58ea045ffa2d347aca0,30,UniswapV2,0xb4e16d0168e52d35cacd2c6185b44281ec28c9dc,30,18798.192771,6.582720054632327687,16432.750652,-2365.442119,0.056887,-2365.499006,false
26163868,UniswapV2,0xb4e16d0168e52d35cacd2c6185b44281ec28c9dc,30,SushiSwapV2,0x397ff1542f962076d0bfe58ea045ffa2d347aca0,30,18878.313253,7.490964572787237696,16518.226658,-2360.086595,0.056887,-2360.143482,false
26163868,SushiSwapV2,0x397ff1542f962076d0bfe58ea045ffa2d347aca0,30,UniswapV2,0xb4e16d0168e52d35cacd2c6185b44281ec28c9dc,30,18878.313253,6.607435873609708637,16494.349464,-2383.963789,0.056887,-2384.020676,false
26163868,UniswapV2,0xb4e16d0168e52d35cacd2c6185b44281ec28c9dc,30,SushiSwapV2,0x397ff1542f962076d0bfe58ea045ffa2d347aca0,30,18958.433735,7.522697396070386834,16579.869007,-2378.564728,0.056887,-2378.621615,false
26163868,SushiSwapV2,0x397ff1542f962076d0bfe58ea045ffa2d347aca0,30,UniswapV2,0xb4e16d0168e52d35cacd2c6185b44281ec28c9dc,30,18958.433735,6.632126725800312713,16555.885303,-2402.548432,0.056887,-2402.605319,false
26163868,UniswapV2,0xb4e16d0168e52d35cacd2c6185b44281ec28c9dc,30,SushiSwapV2,0x397ff1542f962076d0bfe58ea045ffa2d347aca0,30,19038.554217,7.554429719954134527,16641.448500,-2397.105717,0.056887,-2397.162604,false
26163868,SushiSwapV2,0x397ff1542f962076d0bfe58ea045ffa2d347aca0,30,UniswapV2,0xb4e16d0168e52d35cacd2c6185b44281ec28c9dc,30,19038.554217,6.656792649015496673,16617.358264,-2421.195953,0.056887,-2421.252840,false
26163868,UniswapV2,0xb4e16d0168e52d35cacd2c6185b44281ec28c9dc,30,SushiSwapV2,0x397ff1542f962076d0bfe58ea045ffa2d347aca0,30,19118.674699,7.586161544450269724,16702.965233,-2415.709466,0.056887,-2415.766353,false
26163868,SushiSwapV2,0x397ff1542f962076d0bfe58ea045ffa2d347aca0,30,UniswapV2,0xb4e16d0168e52d35cacd2c6185b44281ec28c9dc,30,19118.674699,6.681433680990303765,16678.768446,-2439.906253,0.056887,-2439.963140,false
26163868,UniswapV2,0xb4e16d0168e52d35cacd2c6185b44281ec28c9dc,30,SushiSwapV2,0x397ff1542f962076d0bfe58ea045ffa2d347aca0,30,19198.795181,7.617892869570581005,16764.419301,-2434.375880,0.056887,-2434.432767,false
26163868,SushiSwapV2,0x397ff1542f962076d0bfe58ea045ffa2d347aca0,30,UniswapV2,0xb4e16d0168e52d35cacd2c6185b44281ec28c9dc,30,19198.795181,6.706049859383656160,16740.115943,-2458.679238,0.056887,-2458.736125,false
26163868,UniswapV2,0xb4e16d0168e52d35cacd2c6185b44281ec28c9dc,30,SushiSwapV2,0x397ff1542f962076d0bfe58ea045ffa2d347aca0,30,19278.915663,7.649623695326856580,16825.810801,-2453.104862,0.056887,-2453.161749,false
26163868,SushiSwapV2,0x397ff1542f962076d0bfe58ea045ffa2d347aca0,30,UniswapV2,0xb4e16d0168e52d35cacd2c6185b44281ec28c9dc,30,19278.915663,6.730641221778546795,16801.400851,-2477.514812,0.056887,-2477.571699,false
26163868,UniswapV2,0xb4e16d0168e52d35cacd2c6185b44281ec28c9dc,30,SushiSwapV2,0x397ff1542f962076d0bfe58ea045ffa2d347aca0,30,19359.036145,7.681354021730884286,16887.139828,-2471.896317,0.056887,-2471.953204,false
26163868,SushiSwapV2,0x397ff1542f962076d0bfe58ea045ffa2d347aca0,30,UniswapV2,0xb4e16d0168e52d35cacd2c6185b44281ec28c9dc,30,19359.036145,6.755207805682230644,16862.623267,-2496.412878,0.056887,-2496.469765,false
26163868,UniswapV2,0xb4e16d0168e52d35cacd2c6185b44281ec28c9dc,30,SushiSwapV2,0x397ff1542f962076d0bfe58ea045ffa2d347aca0,30,19439.156627,7.713083848794451590,16948.406477,-2490.750150,0.056887,-2490.807037,false
26163868,SushiSwapV2,0x397ff1542f962076d0bfe58ea045ffa2d347aca0,30,UniswapV2,0xb4e16d0168e52d35cacd2c6185b44281ec28c9dc,30,19439.156627,6.779749648526415408,16923.783286,-2515.373341,0.056887,-2515.430228,false
26163868,UniswapV2,0xb4e16d0168e52d35cacd2c6185b44281ec28c9dc,30,SushiSwapV2,0x397ff1542f962076d0bfe58ea045ffa2d347aca0,30,19519.277108,7.744813176133328524,17009.610843,-2509.666265,0.056887,-2509.723152,false
26163868,SushiSwapV2,0x397ff1542f962076d0bfe58ea045ffa2d347aca0,30,UniswapV2,0xb4e16d0168e52d35cacd2c6185b44281ec28c9dc,30,19519.277108,6.804266787361602247,16984.881002,-2534.396106,0.056887,-2534.452993,false
26163868,UniswapV2,0xb4e16d0168e52d35cacd2c6185b44281ec28c9dc,30,SushiSwapV2,0x397ff1542f962076d0bfe58ea045ffa2d347aca0,30,19599.397590,7.776542004551342174,17070.753022,-2528.644568,0.056887,-2528.701455,false
26163868,SushiSwapV2,0x397ff1542f962076d0bfe58ea045ffa2d347aca0,30,UniswapV2,0xb4e16d0168e52d35cacd2c6185b44281ec28c9dc,30,19599.397590,6.828759260080980471,17045.916512,-2553.481078,0.056887,-2553.537965,false
26163868,UniswapV2,0xb4e16d0168e52d35cacd2c6185b44281ec28c9dc,30,SushiSwapV2,0x397ff1542f962076d0bfe58ea045ffa2d347aca0,30,19679.518072,7.808270333664255596,17131.833108,-2547.684964,0.056887,-2547.741851,false
26163868,SushiSwapV2,0x397ff1542f962076d0bfe58ea045ffa2d347aca0,30,UniswapV2,0xb4e16d0168e52d35cacd2c6185b44281ec28c9dc,30,19679.518072,6.853227103584596871,17106.889910,-2572.628162,0.056887,-2572.685049,false
26163868,UniswapV2,0xb4e16d0168e52d35cacd2c6185b44281ec28c9dc,30,SushiSwapV2,0x397ff1542f962076d0bfe58ea045ffa2d347aca0,30,19759.638554,7.839998163483854774,17192.851196,-2566.787358,0.056887,-2566.844245,false
26163868,SushiSwapV2,0x397ff1542f962076d0bfe58ea045ffa2d347aca0,30,UniswapV2,0xb4e16d0168e52d35cacd2c6185b44281ec28c9dc,30,19759.638554,6.877670355003865460,17167.801292,-2591.837262,0.056887,-2591.894149,false
26163868,UniswapV2,0xb4e16d0168e52d35cacd2c6185b44281ec28c9dc,30,SushiSwapV2,0x397ff1542f962076d0bfe58ea045ffa2d347aca0,30,19839.759036,7.871725494021925320,17253.807379,-2585.951657,0.056887,-2586.008544,false
26163868,SushiSwapV2,0x397ff1542f962076d0bfe58ea045ffa2d347aca0,30,UniswapV2,0xb4e16d0168e52d35cacd2c6185b44281ec28c9dc,30,19839.759036,6.902089051395597829,17228.650751,-2611.108285,0.056887,-2611.165172,false
26163868,UniswapV2,0xb4e16d0168e52d35cacd2c6185b44281ec28c9dc,30,SushiSwapV2,0x397ff1542f962076d0bfe58ea045ffa2d347aca0,30,19919.879518,7.903452325290252475,17314.701753,-2605.177765,0.056887,-2605.234652,false
26163868,SushiSwapV2,0x397ff1542f962076d0bfe58ea045ffa2d347aca0,30,UniswapV2,0xb4e16d0168e52d35cacd2c6185b44281ec28c9dc,30,19919.879518,6.926483229742190408,17289.438382,-2630.441136,0.056887,-2630.498023,false
26163868,UniswapV2,0xb4e16d0168e52d35cacd2c6185b44281ec28c9dc,30,SushiSwapV2,0x397ff1542f962076d0bfe58ea045ffa2d347aca0,30,20000.000000,7.935178657300621110,17375.534411,-2624.465589,0.056887,-2624.522476,false
26163868,SushiSwapV2,0x397ff1542f962076d0bfe58ea045ffa2d347aca0,30,UniswapV2,0xb4e16d0168e52d35cacd2c6185b44281ec28c9dc,30,20000.000000,6.950852926951811174,17350.164279,-2649.835721,0.056887,-2649.892608,false